category,id,topLevelSynsetId,subSynsetId
Airplane,788548a68d7b46ec179febb7e11d3625,02691156,02867715
Airplane,7aac10eb5b285098774a720fca15e35b,02691156,02690373
Airplane,ac3336c2f47b17d5acf77e718d93f3e1,02691156,02691156
Airplane,437de410d7c23cbb29b33c3ec58287c9,02691156,03595860
Airplane,3a72adcf14ccec9965f50257ecdfa5c7,02691156,02690373
Airplane,1f9b49f320eeb2f5d0226d12d397045,02691156,03174079
Airplane,253a1aead30731904c3a35cee92bb95b,02691156,02691156
Airplane,5011e352793d063f26360e1e29a956c7,02691156,02690373
Airplane,bfcc89117315f3da90b1d6deb98feec6,02691156,02690373
Airplane,791af615e17374d38eeaefe98ae26867,02691156,03595860
Airplane,8fe1c92c1c9ff33fbc0909d98a1ff2b4,02691156,02690373
Airplane,3ae96a1e1bb488942296d88107d065f6,02691156,03335030
Airplane,fc7c3ccb57f65337209009cfb89d4bd,02691156,02690373
Airplane,95cfdf728da16975c5f6fdebb053ab2f,02691156,02867715
Airplane,a39940973102985635fc197bbabcd5bd,02691156,02690373
Airplane,541c19fe42806c4d26360e1e29a956c7,02691156,03595860
Airplane,b7023a2bc0b1c28142edba76767f7bf5,02691156,02691156
Airplane,b11c03976f121b3537007500db3b770e,02691156,03335030
Airplane,14d6bbabad3ad00dbbf3143b1cb6076a,02691156,02690373
Airplane,c93f76888cf5a14c93421b5e4ff654e0,02691156,02691156
Airplane,a361d82b2c510ca5208842e3d616cb23,02691156,02867715
Airplane,1d09583e9236b8d149d860a48be37092,02691156,02691156
Airplane,6b69e4c1cceb6e0681fa1ee3c368532e,02691156,03335030
Airplane,af73d05ac86369bf4ce863ea27e2b897,02691156,03335030
Airplane,a1848a4a69b14704ca8607f540cc62ba,02691156,03595860
Airplane,19b219dbd2e4467828d4f2ffc8f17f3a,02691156,02867715
Airplane,8c3419a655600e5766cf1b4a8fc3914e,02691156,02691156
Airplane,f2f6684e930651df3dffb45955223d25,02691156,02691156
Airplane,24db19ddb06fcd3f9a6e43b878d5b335,02691156,02690373
Airplane,7b6f528acc10d3fbcf5b9c6e0c7ce895,02691156,04012084
Airplane,86f2c71ef3700ca2cca362d2a61f33e4,02691156,02691156
Airplane,6e7bc6995080fe6542ca265836030911,02691156,04012084
Airplane,5d2f0bdbd08be6fa3105bdad0abb9e24,02691156,03174079
Airplane,f1384d3fd2d59e63f4d6518603e8629,02691156,02690373
Airplane,a273a18b004c209c90b1d6deb98feec6,02691156,03174079
Airplane,8b59ed9a391c86cdb4910ab5b756f3ae,02691156,03335030
Airplane,256626ea73837e032625b83fa7422e2b,02691156,02690373
Airplane,a63e9d5df0c56b3f099bfb561edad43,02691156,02691156
Airplane,4a27a6276e748777bc0909d98a1ff2b4,02691156,02691156
Airplane,cd9f07bc1e5087b7f33a09c02bab9cc,02691156,03335030
Airplane,c62237ac28c4ed61efe0d4e1eba2e3af,02691156,02691156
Airplane,88771c5b02d6e267b02bf6205401969,02691156,02690373
Airplane,ba37c8ef604b675be1873a3963e0d14,02691156,03595860
Airplane,dbd74d18fa992eee7f1f82f6fc8747b8,02691156,02690373
Airplane,bcf7743f0dc85517bc0909d98a1ff2b4,02691156,02690373
Airplane,55cdb0891d7a05fb2217d56276f279c,02691156,03595860
Airplane,47a40ce42bb9077579dc7d843e2be5ed,02691156,03335030
Airplane,d1cdd239dcbfd018bbf3143b1cb6076a,02691156,02690373
Airplane,8bb8876d55433eed216b327569dd806e,02691156,20000001
Airplane,38edc8fad5a5c0f0ac4f72bf08dc79a6,02691156,03335030
Airplane,319cf93077118d19f64801ad2940cdd5,02691156,03595860
Airplane,d34eba7c2ce4db53adecb6fc00604132,02691156,02690373
Airplane,e8e1b765fdf5edfa14c19f41d007670e,02691156,02691156
Airplane,67217ee1bb8443c8316b8b2265213f7a,02691156,02690373
Airplane,63c78352b218c01a995425f067333fd3,02691156,02690373
Airplane,78a63dc99b3b68962b600da24e0965,02691156,02690373
Airplane,ad2bebd9c3004b2e151f2df200a24ac,02691156,03595860
Airplane,560b4af718f67902ac4f72bf08dc79a6,02691156,03595860
Airplane,e3f68fbd5d1629e238976998fb731b88,02691156,03335030
Airplane,20b91c5ceb005cc44947b319a9e09fd,02691156,02691156
Airplane,a60b2775f1955153ca8607f540cc62ba,02691156,02691156
Airplane,5c306ddfcc08ea1b230ac8907b9b7f90,02691156,20000000
Airplane,57b5666dfe2607ea1025c08d338b6d83,02691156,03335030
Airplane,460cf3a75d8467d1bb579d1d8d989550,02691156,20000001
Airplane,d1d308692cb4b6059a6e43b878d5b335,02691156,04012084
Airplane,997539bb0a0d8cf852c3271e911ffe19,02691156,02690373
Airplane,8a47b24f85a0eafa12234b062bc6c471,02691156,02691156
Airplane,a26639a06e2ae1ede7d756565593b850,02691156,03335030
Airplane,4fe7bcbeccf207a5a2a2a57a63160d60,02691156,03335030
Airplane,cdd4dc06cea48b5faae529ab4a75c4af,02691156,03335030
Airplane,186ca7892ed6de2adb22b838c125a50b,02691156,03595860
Airplane,dc7a703f94b3b17667c5e3041553656b,02691156,02690373
Airplane,d60ec60e091e9d7ade125dc914c4bb9c,02691156,20000001
Airplane,813927b25c3a0c6dff227f13dbef5a8d,02691156,03595860
Airplane,a3bafea9edc457463da2ae40e7681e7e,02691156,02690373
Airplane,618b433a97bc23acb1f09c4591ed2db9,02691156,03595860
Airplane,cb1aff81a3c6ef71d25fd5e3115979a5,02691156,03595860
Airplane,cc14512d5fe6e8489a6e43b878d5b335,02691156,04012084
Airplane,10155655850468db78d106ce0a280f87,02691156,02691156
Airplane,ccca0685aa63308ed54e5c2e672a56dc,02691156,02691156
Airplane,34e87dd1c4922f7d48a263e43962eb7,02691156,02691156
Airplane,6a868213168421c6f0985368fed75674,02691156,03174079
Airplane,de5cade3966a1dad94946b454cd190d0,02691156,02691156
Airplane,ddec69970cbc4d29112a90660b187a10,02691156,02690373
Airplane,2893dc61be63a8a16d0ff49003c479bc,02691156,02691156
Airplane,3b5b8a2384e8850d185b376619557c95,02691156,03335030
Airplane,16ef481509c64f845dcf422dd1ee66d9,02691156,02691156
Airplane,105f7f51e4140ee4b6b87e72ead132ed,02691156,02691156
Airplane,218caa58819e10d1fe40308d822f996c,02691156,03335030
Airplane,26a29227d6326e20e63e266a803d9270,02691156,03595860
Airplane,f04b62deb7737c86d37636af9c7bcc34,02691156,02690373
Airplane,9c7268dd8ec3a3bb590874dcd9dc8481,02691156,20000000
Airplane,e3b06cf8bea9a6a5c1006ed55bc1a3fc,02691156,20000001
Airplane,33faf711ed54a4d3db22b838c125a50b,02691156,02690373
Airplane,92cf58c641a4e5af56a793e48de27b07,02691156,02690373
Airplane,ea58a51483e3604897dec65c2238cb8a,02691156,03335030
Airplane,9d06f4ff9f1e7932941d71475449eb25,02691156,03595860
Airplane,33c9e81a88866451f4fb6842b3610149,02691156,02691156
Airplane,8bde5a00c3caf9771d03b466c72ce41,02691156,02691156
Airplane,db628662ba1cac04b627754c4259e985,02691156,03595860
Bench,c63561b50109b27bd4d8765e3910f617,02828884,02828884
Bench,a973a401412f5561cb2a965e75be701c,02828884,03891251
Bench,d1d433ab6a289a568e95e8a3bb5a538a,02828884,03891251
Bench,e329a9a5e7422b0a43638dabe1eb5336,02828884,02828884
Bench,f7b5756c04e354a0c1c40d87de24d930,02828884,02828884
Bench,716fa6d69c22db83bc6fbe160acb5d0e,02828884,02828884
Bench,fd6ae258090bf95b693e50e46681af47,02828884,02828884
Bench,a8ea7dc227b632edb88a2574e8fbb52,02828884,03891251
Bench,3d470843f013f9d8c9fd4914d3d18461,02828884,02828884
Bench,d73143a767890e26505bbba2c4eee722,02828884,03891251
Bench,73cc1e9a8f666ad2d2b12aa6a0f050b3,02828884,03891251
Bench,6eaa388bfa782df4392580629414747b,02828884,02828884
Bench,c3f92e6a78ad156863b2acb037dfbcde,02828884,02828884
Bench,7229a4c3b3146f74d838ae16242881dc,02828884,02828884
Bench,866b0fab7a3e54053555de1e3169ac6e,02828884,02828884
Bench,87783e267a4db70044a8a9dc66c6c095,02828884,03891251
Bench,b711e64c92fc594c18e830a47a552b39,02828884,03891251
Bench,6d1883ed7f0cec103023dc1d1218bb2d,02828884,02828884
Bench,af5bec1a8ce2348663b2acb037dfbcde,02828884,02828884
Bench,1ef8c3cabd16f7cbf155d75bbf62b80,02828884,03891251
Bench,7ba9140b8e416d79601104cd2d998272,02828884,03891251
Bench,94df387a0b97302ad201085e80edb26a,02828884,02828884
Bench,593251f67107e6b4db03e4f5c01cf109,02828884,02828884
Bench,8f102661c3efbdd184f92715bac39b74,02828884,02828884
Bench,515716e2bf805c088430b7446f9e1252,02828884,02828884
Bench,3c90d2eda6fdae1fbe1638d01f5577d9,02828884,03891251
Bench,ea518b89b8511916ac51268fdb437a9e,02828884,02828884
Bench,77fac848d4c863b2cb2a965e75be701c,02828884,03891251
Bench,f0df158b0694ee1f2056b4bd5d870b47,02828884,03891251
Bench,66670424b72dc0beefe2ffb03223403f,02828884,02828884
Bench,2220c6ade811851cc13e020d985215e3,02828884,02828884
Bench,77ed241c90b88a189f197237213064cd,02828884,03891251
Bench,7047ed12851201138cc469a51e5a5cff,02828884,03891251
Bench,f133d3165d54e5b227d635628fe95db0,02828884,02828884
Bench,445230afd5a0eda8714b6900bef4d88b,02828884,03891251
Bench,23325f47d2a812351165bc0a3b02b27f,02828884,03891251
Bench,3824b040bd8906e0f155d75bbf62b80,02828884,03891251
Bench,7a500a01f5ade316ed98cca8f0ccd5f7,02828884,03891251
Bench,2d1ea225c279836cd67b3c7873295e75,02828884,02828884
Bench,e2cf4a7357cae6ed2dd04fa3e4c2a53f,02828884,02828884
Bench,f958d18643e7dffd99892aa9c57c2870,02828884,03891251
Bench,f560aae80e66f50585ef4356ea4ff622,02828884,03920867
Bench,c9ca9b7317ac41b82168e5dee0d7f21,02828884,02828884
Bench,c3d4204f6f0613b1959f51f2c68b3ef,02828884,02828884
Bench,78585e161ee3e39acb2a965e75be701c,02828884,03891251
Bench,2c81dd5038d43eb7b11ae648ea92233,02828884,02828884
Bench,19d52509d16a9c2c81faebbdea6bd9be,02828884,03891251
Bench,665eb42db0c44bdc81faebbdea6bd9be,02828884,03891251
Bench,447ad1f23f96171f8d9b3c3ef984857e,02828884,02828884
Bench,f8651ae6dc32338ff7010d9d85b1eb2b,02828884,03891251
Bench,b6da9b2fefbad3d9693697d8506b1c6d,02828884,04177820
Bench,57ded7ea16600342639efb65b33fee62,02828884,02828884
Bench,6d4fad5487a044249dc30bab479ad5d4,02828884,02828884
Bench,44d2f4786d18667a86d0ad6addf83b07,02828884,03891251
Bench,8b9d37a08dc542f86f4e61e20a3631d1,02828884,02828884
Bench,c67c3e22b0c0f34e7db48c721db3fba4,02828884,03891251
Bench,e1ce45ee8de4436655a9b4fa7594b177,02828884,02828884
Bench,77597f34b5f37c5e7a403ae58647b271,02828884,03891251
Bench,f3e13747a652b96bf5fb97c1f9661c61,02828884,03891251
Bench,9699995246fd521ca909cd1ba5751669,02828884,03891251
Bench,a8be828647ebc817abeb67a6e14a6d65,02828884,02828884
Bench,b95994218ee416f492d9da2668ec34c,02828884,02828884
Bench,edec9a4512b98f6f2056b4bd5d870b47,02828884,03891251
Bench,3e16ff75bbe7ed27464e1d2ff524a75b,02828884,02828884
Bench,9da3d1f848bb801c77ec6cec7835f07c,02828884,02828884
Bench,6512b58401c7ea51ad5067eac75a07f7,02828884,03891251
Bench,69f724fd745669fcda56795a6fbde1f,02828884,02828884
Bench,98d2e8dc90f050d52ef1844825af63f2,02828884,03891251
Bench,f264c4d430891732d97248c4337f8439,02828884,02828884
Bench,59a3fc2f98cc53cfa13c59d3c05ad9e1,02828884,02828884
Bench,9113be55eb8ddd8ead5067eac75a07f7,02828884,03891251
Bench,27267209ed320cd271cf429728b349ba,02828884,02828884
Bench,4e43690694133a65e5ef38e098c46afd,02828884,02828884
Bench,a31ab48a2b96574b9c3a7877712317b8,02828884,03891251
Bench,6194e1897f8ebb17b40f0ac0fb9a650d,02828884,02828884
Bench,213e68b2abe5cf24bffe63c069324d61,02828884,02828884
Bench,275249a603cf7f6df064889421ac8911,02828884,02828884
Bench,779907753183ea36601bea3dca268229,02828884,02828884
Bench,76e5103be2d6199071998932c708d327,02828884,02828884
Bench,f44b93dcbf00d80acb2a965e75be701c,02828884,03891251
Bench,39904b25a6d2f13ed4d8765e3910f617,02828884,03891251
Bench,e18d11ff6f781d843d2dd82a57bb3bd7,02828884,02828884
Bench,146934a1cb852afc1a1a2dbbd3d54d53,02828884,02828884
Bench,a775a66a362089fdcb2a965e75be701c,02828884,03891251
Bench,7dd37767a253f98d56f6fc4b4ce1db04,02828884,03891251
Bench,afa7876470b8b7881d3a1f40308f8b8d,02828884,03891251
Bench,2d1dda55020a0c4bad5067eac75a07f7,02828884,02828884
Bench,7e524d1958ca0348d6abb4efd157f402,02828884,03891251
Bench,6b9b014c54423664a9bf865a81345d8e,02828884,02828884
Bench,5870d0ad92321f8cad5067eac75a07f7,02828884,02828884
Bench,eb9938d81ec9005882db9fca4b68095,02828884,02828884
Bench,4e4b38efc9345bc3cc543a6b1ba2fd1d,02828884,02828884
Bench,1d94afb9894bf975e76bc197b3a3ffc0,02828884,02828884
Bench,12ae14d584758b4ee42c56c78fb88524,02828884,02828884
Bench,b6c745406a599dddad5067eac75a07f7,02828884,03891251
Bench,552ab19eab47725cb2a965e75be701c,02828884,02828884
Bench,59b1ca3d780ed0381560641bf48464ff,02828884,02828884
Bench,4647754b7c5b31cccb2a965e75be701c,02828884,02828884
Bench,24f090d8ee565dd1601104cd2d998272,02828884,03891251
Bench,778ad8517a34927d2056b4bd5d870b47,02828884,03891251
Car,6bbcd5608ddf871a4cdd04162f008888,02958343,02958343
Car,e29b7fb22563b7e9c379b1627a500931,02958343,02958343
Car,44eb9496921072b6e5f9082491d52810,02958343,04166281
Car,2854a948ff81145d2d7d789814cae761,02958343,04166281
Car,3508c8cde3c2c520ab93f6188b226527,02958343,02958343
Car,a89dd60aadccd84be04e0c24d5a9d818,02958343,03100240
Car,d6390f62d9e036efb1bb46d2556ba67d,02958343,04166281
Car,d17acdc9dd449748ca92a4cdad802b45,02958343,04285008
Car,9aaeb0852a4cca28471ac7b6a0462075,02958343,04037443
Car,4ceeed48d1a48d4ce09e4fc69d1a2697,02958343,04166281
Car,1e6ba139bec5e49dd9f9c2955f462abf,02958343,04166281
Car,c1aef2e67a9608511c4ba4758a592406,02958343,04166281
Car,768ea3241699f663f1cb19f636b1c2bd,02958343,04166281
Car,7931277ef70c63b79813cf8be7c7c5b5,02958343,02958343
Car,94e7aa896a112774cca624702dd742bb,02958343,02958343
Car,b09376c77d8fe18eeaa60d48e24f18e0,02958343,03119396
Car,c099c763ee6e485052470de2774d6099,02958343,02958343
Car,38b259d30a276c8d12f0afda1e5aa109,02958343,02958343
Car,6fd9b065c795d915473f10e6caaeca56,02958343,04285008
Car,c52a2f6396ad8d5f97df6383472cc5b6,02958343,04459122
Car,e11d926f7bec7af328044fe9244db50a,02958343,02958343
Car,9dd02330c7c4ec88ec455839e63f83dc,02958343,04285008
Car,164c8597d8eae2f6f21c3b61f0b564c4,02958343,04037443
Car,8e8da02ac0168a47ec5e3fe5c33367cf,02958343,04166281
Car,fda5bb53e65774911bd7232e4c18c556,02958343,02958343
Car,6e0e38fa4613df14af3abff6cd36a38e,02958343,04097373
Car,26eb9c499fe0ff9edc10f9c1726304b1,02958343,03119396
Car,ab20a71872dea8d7c5924a1a5d3043b0,02958343,02958343
Car,1a87a329781b15763820d8f180caa23a,02958343,04037443
Car,8a4a929ea57982eb51a95aaa6caba1d3,02958343,02958343
Car,5823e5205bc7eb46cebc874b6631de1,02958343,04285965
Car,f59a474f2ec175eb7cdba8f50ac8d46c,02958343,02958343
Car,a65eb3122291be22e6700b368931d35,02958343,02958343
Car,4b80b259c0eec3dbe3404f62b5b5ed0a,02958343,02958343
Car,d0443448c73fafb7becf71e2e014ff6f,02958343,02958343
Car,7189c4e717b1cf452ecdadee3e6b0bc0,02958343,02958343
Car,4404885f273e246613b86a9df4269733,02958343,02958343
Car,bd465877e3d5bdd1c2e8382c9582f1a0,02958343,02958343
Car,e7b500cc55c8f13b4512af8eced68fa8,02958343,02958343
Car,8ffc484a850350f916abce8cb03e7794,02958343,04166281
Car,18ff13d7f181e7625fa21635eac9e4ed,02958343,03141065
Car,9093041c6606de99621f2c58113c74f,02958343,02958343
Car,c6038e4cf08de1a7c805dfe4ca9f2fdb,02958343,03141065
Car,6740c321d867444184c4c9391a91dfb8,02958343,02958343
Car,9472d19187081c62fce798408476568b,02958343,04285008
Car,965ff4a5472d5de4d436d4e00775800d,02958343,02958343
Car,63a4e46bbbd855fc2b63d3b2a8c4e8b,02958343,04166281
Car,d462b1b6afcecbf4c517d483f246fcb,02958343,02958343
Car,41461e8bd8053145b519248121fd0088,02958343,02958343
Car,abc144f5bf4c5a7f36723a2e03353a99,02958343,02958343
Car,4308a7b73bc7faf6290fad8e3fdaf4fe,02958343,02958343
Car,db29d4701a688d80283ffcfc40c29975,02958343,02958343
Car,f9fb47305ee7156d59139efcde1fedcb,02958343,02701002
Car,3776e4d1e2587fd3253c03b7df20edd5,02958343,04166281
Car,8b049c92888475f67c3c6f82a395b347,02958343,04285965
Car,cb1fcef3fd579e7a78d6f47ed61848e9,02958343,02958343
Car,75ef897fa411683e5b48f89d50b1db79,02958343,02958343
Car,d1dd44afc4c5fa56e9d8921ebe6d5b8e,02958343,02958343
Car,fc5d8e25052fb713f559279c88cd9a37,02958343,03141065
Car,87950b1f9d4e5cd6aa01b33fb8eb6d57,02958343,02958343
Car,18e064324ab90fd8b0d272390a3b18a4,02958343,02958343
Car,1525d96ab2b75980aaa232d0915adae9,02958343,02958343
Car,37853e2cb84808255fe55d6e406ecd4,02958343,02958343
Car,5ef8eeb5ba5d2c6ff6efcf1cf084a608,02958343,04166281
Car,a5ed69e16c0ce28cbecf71e2e014ff6f,02958343,02958343
Car,f6fa3d76e855c0d3edcc7b1b05756c30,02958343,02958343
Car,62658c5f488a6ca6b905faaa215314e7,02958343,02958343
Car,8e05e4f955eaf140ff673973a435017f,02958343,02701002
Car,8daf786d1798cbb1fc262705c0432659,02958343,02958343
Car,91c12a0bdf98f5d220f29d4da2b76f7a,02958343,03594945
Car,c9bc4690b171e5d7f0ae46ab6a68f9fe,02958343,02958343
Car,8e7475bb6c54d39f398bc3e9fa82bf3,02958343,04166281
Car,e10f41ea782b481b86dad0316c9a37e7,02958343,02958343
Car,4742c7129f139ea81c10ace9cb07271c,02958343,02958343
Car,60aadbf4a0a42360ab62a01524fcb1ec,02958343,04166281
Car,74decc635757c458ff6fa400d1cc4c85,02958343,02958343
Car,bc5f38eb01d965296436916a86a90ed7,02958343,02958343
Car,2480411c15f3632f6a34aa94ca8a3355,02958343,02958343
Car,398a791990b106dda5a4c80d90b70728,02958343,04166281
Car,308a90ac455cb29ebe25370c898e25a5,02958343,02958343
Car,f3760c5e8b97149163b803b494079757,02958343,02701002
Car,38bab9fe40a1f60dbecf71e2e014ff6f,02958343,02958343
Car,e00169580fda5461473f10e6caaeca56,02958343,03100240
Car,dd768e1b90b4537cd9eb65becee97781,02958343,04285008
Car,d18817af1a2591d751a95aaa6caba1d3,02958343,02958343
Car,4c6aa3e7a8130295b528c0abff96f586,02958343,02958343
Car,6cd2e1b1f89d83ac91ad31a7a961b071,02958343,02958343
Car,69195207144c7144623ee9b530784981,02958343,02958343
Car,b70545513c241954ef48632839688da8,02958343,02958343
Car,10b9d59466522a5963b803b494079757,02958343,02958343
Car,e56749ccdc861495b9e97c7f06f23bd5,02958343,03119396
Car,a83c45069b2925efa7e7e5ea49ad8e45,02958343,03119396
Car,532070461b869aa7468dbcd58a793b1,02958343,04285965
Car,7121e0332f0c2e0551a95aaa6caba1d3,02958343,04037443
Car,4ddef66f32e1902d3448fdcb67fe08ff,02958343,04037443
Car,6f793e0f29f6b0b4da82e7357e8ee170,02958343,02958343
Car,60d123b24aa3ace4672601793664460d,02958343,02958343
Car,e14b4fddcd7c011d28044fe9244db50a,02958343,02958343
Car,56332360ecedaf4fb095dfb45b5ad0ce,02958343,02814533
Car,541c39bc70f526ec1059003d2120a559,02958343,02958343
Chair,c2d0bea1edd835b6e874cd29a3bc467c,03001627,02738535
Chair,32d243fc56b7b8658cbd400aa99bee96,03001627,04331277
Chair,7aa759758e3b0d5024ef48ae9e8e965f,03001627,04331277
Chair,e39308cd84103a47f4b6538438a0b930,03001627,02738535
Chair,c658d1006595797e301c83e03ee59295,03001627,04331277
Chair,7ec876482b8d80ce5a8ae8f7c307d01c,03001627,20000027
Chair,9a3a80065f75e33d822e11aea23332c0,03001627,20000027
Chair,e7a0200c28cdfea7c3bd24f986301745,03001627,03001627
Chair,9a6061dc962c0480ec2a7a1f5fe7365d,03001627,03001627
Chair,ac03fd26e5c499eafbe6ed8d24e16d28,03001627,20000026
Chair,d18f361e22f7626b707cdefe012d0353,03001627,04331277
Chair,95d8553504c65fb4b770bfdf3ce10896,03001627,04331277
Chair,b1908805f05c6f47f51f77a6d7299806,03001627,20000027
Chair,43f15ce32c7c97ef19cb07ecb5b4102,03001627,20000027
Chair,86eeafeae817263414038d588fd1342f,03001627,04331277
Chair,c9f5c127b44d0538cb340854b82a069f,03001627,04331277
Chair,a65cd22689f14147f155d75bbf62b80,03001627,03001627
Chair,c51937167dd0db45f7628281ecb18112,03001627,02738535
Chair,cb714c518e3607b8ed4feff97703cf03,03001627,03001627
Chair,92cae2e67b788eaa9dcc460592c0e125,03001627,03001627
Chair,78446e1cc15f757297936c81e7f6629,03001627,20000020
Chair,6a3d2feff3783804387379bbd607d69e,03001627,03001627
Chair,79c9fdc6bba82709c8687ff9b0b4e4ac,03001627,04331277
Chair,2de1c5525d24c1c988dcbe86402c7c15,03001627,02738535
Chair,68f1d9f63eae2b5123c1b1df1d480bd3,03001627,03001627
Chair,e8e586ccf4dcac74cad9a65dbad13fea,03001627,03001627
Chair,a345ea2820d2f4af7ff6ace05b36a5,03001627,02738535
Chair,60d4a780abba84d20c5de2052b8e2de,03001627,20000027
Chair,b7316f361054c8501962281db2f162a0,03001627,03001627
Chair,9e54053a1b16299153c5215ed09cc4b0,03001627,04331277
Chair,91d84fd5e5ad5c09e63beedfeef0900b,03001627,04331277
Chair,51aa5f1157cd456f9f9dd9e7d6540d50,03001627,03001627
Chair,8b3d1c34753e095cb05550de345b6d0a,03001627,04373704
Chair,884a239f3dc6a91cad484915511ccff6,03001627,03001627
Chair,bca76c4925b9a33177a7d775ec38a82c,03001627,20000020
Chair,6f04104e178fb858f7628281ecb18112,03001627,20000027
Chair,675e25ef07ef717cc8bd7a04c9659f1,03001627,02738535
Chair,d2fe67741e0f3cc845613f5c2df1029a,03001627,02738535
Chair,68b88c0be088c21d5e0096fb2d3266a,03001627,03001627
Chair,99ee0185fa2492859be1712545749b62,03001627,02738535
Chair,ce774c6584d282ce843ead12644a79bb,03001627,03376595
Chair,b3c503ee276ed0a75298386582afecd3,03001627,04331277
Chair,e65d2f0ed75a786a37b2bb75885cfc44,03001627,03001627
Chair,38e672f611588c0546863a778f871cc,03001627,20000026
Chair,305589c1e37f32b821bdbc0445d9f748,03001627,20000027
Chair,f4c6c927df8edb62c7623e33dc7256f2,03001627,03001627
Chair,4966ef665c6ed17d4240438e2a9161a,03001627,04331277
Chair,6abacfbb354818b1adda578d985c7034,03001627,03001627
Chair,9b4d530487df4aa94b3c42e318f3affc,03001627,02738535
Chair,7dc902a12843fa60e84c9243a4e577f,03001627,03649674
Chair,fa27c1b8dac76b6d1f285be552b78f9a,03001627,03001627
Chair,276a4e184b9d71c4d838ae16242881dc,03001627,20000027
Chair,11a06e6f68b1d99c8687ff9b0b4e4ac,03001627,03001627
Chair,ef89cc3901e27fe0c5cedfd70cc18cf1,03001627,03001627
Chair,8709db708ec617ec8b5d4279936d177a,03001627,03001627
Chair,f1f69b9b2dbf7402c862eec8232fff1e,03001627,03001627
Chair,ceec3aaa6ee72dee613f0dbd986ed6f8,03001627,04099969
Chair,e3d23dc47ddd9620c9be65dfbd21428b,03001627,03001627
Chair,d987dc40c90907276bc601efa799c927,03001627,02738535
Chair,eea2622d5a8ad64bcb23db7a28593905,03001627,03001627
Chair,7facccfa81369078a8930422448288ea,03001627,02738535
Chair,2759711dbb8b66ce66e463776e370597,03001627,03001627
Chair,fca55be264355b1ac30ba10ebbf8ea21,03001627,20000027
Chair,123305d8ccc0dc6346918a1d9c256af3,03001627,04331277
Chair,5b43111740009e719159f4cd32e8e02d,03001627,04331277
Chair,3a885865c614a5a35510d59f3ab1ed64,03001627,20000027
Chair,bea7cfa3c0e7e16e63b2acb037dfbcde,03001627,04331277
Chair,719f6578bd1450cfe5b7031248b81d78,03001627,04331277
Chair,1da9942b2ab7082b2ba1fdc12ecb5c9e,03001627,03376595
Chair,20310d1bd22d8e28890eb7072fc1df21,03001627,02738535
Chair,47cd848a5584867b1e8791c225564ae0,03001627,02738535
Chair,9795162b409011c2a6fee8e2140acec9,03001627,03001627
Chair,b41aaea5754adae0444b41d6d7f557fa,03001627,03001627
Chair,69261d58214053d1e6c5cd45aa112726,03001627,04331277
Chair,4dff2fded7130c631a8db2c23945f1fa,03001627,03376595
Chair,58b8bc3981302103b78c56df3d6a2934,03001627,20000027
Chair,19ff1d5665c1a68677b8fc2abf845259,03001627,04331277
Chair,469d04bcf9576a8b8cbb8bac2032149c,03001627,03001627
Chair,5a52b62f564eb7e117b431cae0dd70ed,03001627,02738535
Chair,e401be99c5a51d8bef8e9284f76f3024,03001627,03001627
Chair,8c0a0360a7353ec26dd3cca80cedd415,03001627,02738535
Chair,791c488a167bd73f91663a74ccd2338,03001627,04331277
Chair,ca2294ffc664a55afab1bffbdecd7709,03001627,04331277
Chair,977b3355b3f93b09e6fe3612af521500,03001627,20000020
Chair,1bda25dc158098f438f6f5a7dee76fde,03001627,04331277
Chair,e6408c4be8e6502837a346dba83c013b,03001627,03001627
Chair,672e20cc6ffa29d41c6aa36e5af1449,03001627,03001627
Chair,680eec559a71dcdba023804ba421cf6b,03001627,03001627
Chair,d1291956cb0983ee7085b4353236aad,03001627,02738535
Chair,488041c2e021e8e87b11ae648ea92233,03001627,03001627
Chair,96b4422833f806cecb092644051ec279,03001627,03001627
Chair,650d540bac31f56ffebad4f49b26ec52,03001627,02738535
Chair,1bcd9c3fe6c9087e593ebeeedbff73b,03001627,02738535
Chair,8b6f6304674b1280d6cb6d27840b9d7d,03001627,04373704
Chair,ab4fd3bdd8c1dede578d107c71db28ac,03001627,20000027
Chair,a5a5d118118eb760fee31d33418a3c16,03001627,03001627
Chair,717e28c855c935c94d2d89cc1fd36fca,03001627,03001627
Chair,a97e09489b46f7492933f312813ce997,03001627,03001627
Chair,4bb5877100a76cf5bee7d080c8f1e1fd,03001627,03001627
Chair,1825f6f71e68da9da36af77e45b32071,03001627,20000022
Lamp,2871a6c7eca55e63d0482422df1ad01d,03636649,03636649
Lamp,12c0b15c8ed8a3edb039d8689a74349,03636649,04380533
Lamp,551f8026ff0917c781a172d69c52a28a,03636649,03636649
Lamp,280fa01686e780ba3501c961e91ff6d7,03636649,03636649
Lamp,2fc19897a2f384ebc77d45d65dc3714,03636649,04380533
Lamp,f3a9cc3060fd6b0e6e4f8fc909e0d34e,03636649,03636649
Lamp,14d3d2418165ec86bba785994a529f86,03636649,03636649
Lamp,f46d1e234c05fa4e62635f8519c19a80,03636649,03636649
Lamp,22ca1d5fbd8e6eac7b79156a61ad4c01,03636649,04380533
Lamp,e43996a9154a48e0db039d8689a74349,03636649,03636649
Lamp,864ecd5e816326dc2da4b3ec05850371,03636649,03636649
Lamp,6fbc93ef5b90b06ffcb8d8c6d4df8143,03636649,03636649
Lamp,31768574bcddbdde60ad823977adaa23,03636649,03636649
Lamp,85f71a4724fa37c33d39d8012919dd25,03636649,03636649
Lamp,a138582b1d0b9cbb137af984a9f45d65,03636649,04380533
Lamp,a1f602d18e9c0f06733c22d8b8e1c33d,03636649,04380533
Lamp,45fcbb7812f0c9e729426a0f57e4d15e,03636649,03636649
Lamp,9afc2aefd6b17db014038d588fd1342f,03636649,03636649
Lamp,7092dd68172560f410edd100dffd8d85,03636649,04380533
Lamp,7eadde33d9f9d8b272e526c4f21dfca4,03636649,03636649
Lamp,5a4248187b0cce798aaae3d020f5ddf8,03636649,03636649
Lamp,a2f760540b18eac2dbde8847d3101230,03636649,03367059
Lamp,c1b939cc403a0662664b3b9b23ddfcbc,03636649,03636649
Lamp,42fa87cd27edca9efcb8d8c6d4df8143,03636649,03636649
Lamp,e365a641480635d330c09d86acf3d5c1,03636649,03636649
Lamp,f77e6d8f251887e9fcb8d8c6d4df8143,03636649,03636649
Lamp,a7f25e662466f59dfcb8d8c6d4df8143,03636649,03636649
Lamp,e94aab17400945413225afab722d9fd2,03636649,03636649
Lamp,e9f5e9f6f8d54caae455de02837313a6,03636649,04380533
Lamp,a1db02b6b7264b6d1cf9f632ab9ad62b,03636649,03636649
Lamp,1a6a520652aa2244146fa8a09fad6c38,03636649,04380533
Lamp,dba95c4ca95048982d9c07d3b9171829,03636649,03636649
Lamp,e12e898cceec4e23f51f77a6d7299806,03636649,03636649
Lamp,798028b70ab2a1d529c726e7d66b139d,03636649,03636649
Lamp,4cf4ca85d2685b9b98d5fc0473d00a1c,03636649,03636649
Lamp,286dc622e6f19929fdbe2bf897d8a820,03636649,03636649
Lamp,d7ceec3ad0cad8093164c8a6f66d85d8,03636649,03636649
Lamp,e120efa70ef8efa71ce05d96d33be415,03636649,03636649
Lamp,ed323758d0f61cfe6085a0a38e2f255,03636649,03636649
Lamp,d3f84442201b6c137fb7f79251dd7727,03636649,03636649
Lamp,b474613907b293682f8b82e61bb347fa,03636649,03367059
Lamp,8e03bd383d8696a7ccca59c0649ee0d0,03636649,03636649
Lamp,ae5a1b5c8b93cdf4899bad344dc01f2f,03636649,03636649
Lamp,2a5e2e5ec5eb986385bf3590978fc71f,03636649,03636649
Lamp,cd05ada0981bd85a2c528d33bca1ac2,03636649,03636649
Lamp,12aa829de18f4e6ad5cb6d178687b980,03636649,03367059
Lamp,ff08713d837d87edf2098a9f7fc86999,03636649,03636649
Lamp,dac278ab197b5efefaa6996ece0d86f4,03636649,03636649
Lamp,84ab363e60b9bd9185d624cfcd9a37a7,03636649,04380533
Lamp,caf410661e9311299dd0351f01396cda,03636649,03636649
Lamp,4d61bb37c5edb2903f7bd0762436c545,03636649,03636649
Lamp,1a3127ade9d7eca4fde8830b9596d8b9,03636649,03636649
Lamp,25427fc8b45e4c6370ad12dcb213189e,03636649,03636649
Lamp,2691d3491111def44674c364bb213983,03636649,04380533
Lamp,1e9b2d5d65a8b7c29fe8663d47f73813,03636649,03367059
Lamp,cc643d2e5b7a46f5809222e4341a7d65,03636649,03636649
Lamp,7f1a429b9df0dee97c36714e9fbbc038,03636649,04380533
Lamp,374ee0d01fb25ecc9bad7d7f6ef7bb21,03636649,03367059
Lamp,a0a87d63af355b45615810b8eabca5b3,03636649,03636649
Lamp,71090d1b424b4b4b29eb9d04ea723179,03636649,03636649
Lamp,f4db9c55f72edb36ad0d9196eb691e00,03636649,03636649
Lamp,32a196685d10bfcad7811c9daa943fef,03636649,03636649
Lamp,ef9e0709f535c549b3914c1351b16c4d,03636649,03636649
Lamp,c89d854d5c61e751cdd3c867acb77e12,03636649,03636649
Lamp,809ed642119aa5799e8bf807e902261,03636649,03636649
Lamp,2c0177660b7ecc915c118a000b931714,03636649,03636649
Lamp,540335c2788125cbc9dd845c88786daa,03636649,04380533
Lamp,c97cc6e7fd4b4a07d650f729d0ffe69,03636649,04380533
Lamp,e515076a09191d075fa6da97b9eb4a2f,03636649,03636649
Lamp,f0421826cd511f401592f292ab531da8,03636649,03636649
Lamp,c78f6882973e616d2102429c788ba90,03636649,04380533
Lamp,80650d082f6d45fc53fa79783efbc3bf,03636649,03636649
Lamp,cf09b30a89f70929cc67b3de75c44c76,03636649,03636649
Lamp,d54d7977d760f4c3bd16d4490a10a752,03636649,03636649
Lamp,26f725bb6578936cd247b9308cd5c441,03636649,03636649
Lamp,7591d7cc9587643caa5752b5743a662b,03636649,03636649
Lamp,5680570f242c595255ee7d0585fd5223,03636649,03636649
Lamp,ea7a5e58c0462957edf4c948f5a7c441,03636649,03636649
Lamp,69baf1ded62a0259970e9f7b51f4efe,03636649,03636649
Lamp,d97a86cea650ae0baf5b49ad7809302,03636649,03636649
Lamp,2fa7dbc66467235e2102429c788ba90,03636649,04380533
Lamp,792c3698dc7d200144175b4dddf5be08,03636649,03636649
Lamp,990aa9dec2223f108bad9bd0c4ab8e3c,03636649,03636649
Lamp,421734c234a9ecce5c166769fb8a1974,03636649,04380533
Lamp,13b365ef4887f5d388a942de43574033,03636649,03636649
Lamp,cce6476ac521a1d130f6e0ede20c4525,03636649,03636649
Lamp,b286c9c136784db2af1744fdb1fbe7df,03636649,03636649
Lamp,2df829fa60a85466a2f2a5c7a758a47,03636649,03636649
Lamp,b2116d5a9b93a0704f377bc8602186f5,03636649,03636649
Lamp,ef12cf5aba58871e5510d59f3ab1ed64,03636649,04380533
Lamp,66f7a541e0459b06fcb8d8c6d4df8143,03636649,03636649
Lamp,1ac102f4a452771521e935c3c465f9f,03636649,03636649
Lamp,65f23d07991128e3fbb8cbddab1c2002,03636649,03367059
Lamp,872407329ce09557bced73c51e99f8b2,03636649,04380533
Lamp,6770adca6c298f68fc3f90c1b551a0f7,03636649,04380533
Lamp,502e62c502cf2f10280b54299018290b,03636649,03636649
Lamp,534c7e2c9495d7987b6fd5468f603b31,03636649,04380533
Lamp,6e1fe96adbb5ffba8bae2d07dadd1b5d,03636649,03367059
Lamp,a8d45280f2ac4e7190c926f4231a7285,03636649,03636649
Lamp,45a2e2773a905744d5c91bd67a7ae42a,03636649,03636649
Sofa,2eb0a772c36144eba3f22b4b00de6dfb,04256520,04256520
Sofa,346f3d9b39930b87dbfb0f09ba9f2d99,04256520,04256520
Sofa,7a77351c67566e4159a4e5a60d4753a,04256520,04256520
Sofa,77a5f44875119a6b5369e32fb818f337,04256520,04256520
Sofa,8e6312c23b6ac12f956c23e7ddc28c00,04256520,04256520
Sofa,8169b36ef1ae45ec19fb4103277a6b93,04256520,20000027
Sofa,8ea11732a1198be1dae12f3947d07dec,04256520,04256520
Sofa,1bb6224360321002b8bd10c3418cc648,04256520,03100346
Sofa,4d05c9f0f34e1c22715de3ea7b582d7,04256520,04256520
Sofa,2639242e8f06f93919fb4103277a6b93,04256520,03693474
Sofa,2a310d5bb9e5b1ec162227055a96104e,04256520,04256520
Sofa,d2a4faf6613ea1e66db434563c7f5ea3,04256520,04256520
Sofa,75fa63a7576e2f509ae676623bdd3284,04256520,04256520
Sofa,4180d98246089cf014038d588fd1342f,04256520,04256520
Sofa,1dcb4a52dbd349ceb9b8611336bc3051,04256520,20000029
Sofa,317850f9c80cafb561bfbba8a5defb02,04256520,04256520
Sofa,ccbccd9a5bfd52cbd29d1a0303294bae,04256520,04256520
Sofa,4c92e530e76f4ee3febad4f49b26ec52,04256520,04256520
Sofa,73111c5505d7b5eae3db80a3cacc6e3,04256520,03693474
Sofa,f42ca56e450c3258b4602b4f31d3d1c0,04256520,04256520
Sofa,a8418bfeae7c4cffaf802a9d0ab09410,04256520,04256520
Sofa,955d633562dff06f843e991acd39f432,04256520,20000029
Sofa,69eaeff55a5a9c5568d1b9a1d97e2846,04256520,04256520
Sofa,58d87762038f551bf2977dcfb5a9b56a,04256520,04256520
Sofa,97334ba30676598958f7bbfa65d864aa,04256520,04256520
Sofa,3eb9e07793635b30f51f77a6d7299806,04256520,20000030
Sofa,b69fd1046deab785b3a010e5a9dcf3a8,04256520,04256520
Sofa,c837f4472115496cc93e5ef112648b04,04256520,03693474
Sofa,1613148b579a747814038d588fd1342f,04256520,20000028
Sofa,583ccd71c56aed45f14c803eab703899,04256520,20000028
Sofa,b58291a2e96691189d1eb836604648db,04256520,04256520
Sofa,5a99fcbf7ad93010ebc1a7ae7c4c250d,04256520,20000028
Sofa,4ad0739a957f27dcad2fb8cd0793fa9a,04256520,04256520
Sofa,27ff0317be31b5932c4e6cb98409dcac,04256520,04256520
Sofa,ca8c140ca26c4d6cc9b96a88ab877904,04256520,03693474
Sofa,9bcd5c2f575295283cd8f469f840fbd8,04256520,04256520
Sofa,62852049a9f049cca67a896eea47bc81,04256520,04256520
Sofa,901eff0fb9cf6e0646a3128b588876cf,04256520,04256520
Sofa,5e9a36c61649952f555740dfce3e4a45,04256520,04256520
Sofa,199085218ed6b8f5f33e46f65e635a84,04256520,20000028
Sofa,85a8fa447231a4fe2d19175e7d19b7cb,04256520,04256520
Sofa,b19003d682594a71d37a26a6fbb1c7f,04256520,04256520
Sofa,a995c3e90cc656e0c81bdfff91c7f69,04256520,04256520
Sofa,3a053bc6997155674ee2933c1153f63b,04256520,04256520
Sofa,924761d5171a0682e5c139899870edf3,04256520,04256520
Sofa,e3b28c9216617a638ab9d2d7b1d714,04256520,04256520
Sofa,19b9fb3d3763cd1e4c4a4dca0a101f1c,04256520,04256520
Sofa,bade4726190d638498614b18e654375c,04256520,04256520
Sofa,ccb08f869edde5e6d8adf1ca87495d41,04256520,03165096
Sofa,25bcc7d412b1b3f27713a8d3e281895a,04256520,04256520
Sofa,f27962a9ea7a87a87140e995552e7616,04256520,03100346
Sofa,305d64b9fec0015b62a510b8f97c658e,04256520,04256520
Sofa,75850c6e67073a2a593ebeeedbff73b,04256520,04256520
Sofa,9504e9be67514fe9c862eec8232fff1e,04256520,04256520
Sofa,a5d1e07789845c85a5aa2898f4de80a0,04256520,04256520
Sofa,8641e421ade0f7cae136ac3990ab77b2,04256520,04256520
Sofa,7669de4a8474b6f4b53857b83094d3a9,04256520,04256520
Sofa,a7908e8fb217aff63d6e282938a47f9e,04256520,04256520
Sofa,152161d238fbc55d41cf86c757faf4f9,04256520,04256520
Sofa,34117792b1a8c180796c584ff1fcf56d,04256520,20000027
Sofa,55bae67315330e0f131878391e12e811,04256520,04256520
Sofa,c983108db7fcfa3619fb4103277a6b93,04256520,02738535
Sofa,487635f7daf9ff48b3bd1e430b6587,04256520,04256520
Sofa,98546869c4ac8516febad4f49b26ec52,04256520,04256520
Sofa,57e1cdb6f179cbdb98e0d1738edd4f19,04256520,20000028
Sofa,7b57ecf4b5e9617d6282231ccf88d909,04256520,04256520
Sofa,f98615e51a596fc5c05575120a46cd3b,04256520,03693474
Sofa,2a56ff0143d4e69fe6fe3612af521500,04256520,20000027
Sofa,e708bde6a2ffa4cd1ed1d681aa8388f6,04256520,04256520
Sofa,4521ce028e5009811866a0bc19f46a1d,04256520,04331277
Sofa,19f52379f01878ad9517a37c9996fdf8,04256520,04256520
Sofa,a73fc5b447cab6493ca57f5648ff1b0d,04256520,03100346
Sofa,770b9528c04f99d5a3bafec3b56382db,04256520,20000029
Sofa,cfa5feb7486f88ee1b8fe07f15de05f7,04256520,04256520
Sofa,1372c28325f2794046dd596893434005,04256520,04256520
Sofa,c8e37189356e5d1249655ac7c771b113,04256520,04256520
Sofa,63e45aeea568f1b0c35131da26f8061a,04256520,04256520
Sofa,1cdc625f58dc911518af974879cc252c,04256520,04256520
Sofa,698a0a47dd9bba797ddb7abd4c043364,04256520,20000029
Sofa,776c31753fadd5593a1c86745128d0e2,04256520,04256520
Sofa,ff99fb65f116dc1b24e1cdbdc9a22905,04256520,04256520
Sofa,a7e4616a2a315dfac5ddc26ef5560e77,04256520,04256520
Sofa,8173fe7964a2a06319fb4103277a6b93,04256520,03693474
Sofa,36f4fa1689803b442d19175e7d19b7cb,04256520,04256520
Sofa,4e1a956e406bb70714038d588fd1342f,04256520,04256520
Sofa,8892a081230c9e0557b8f616df7adf9a,04256520,04256520
Sofa,77090c15f738bf3079da6431b0766445,04256520,20000029
Sofa,436a96f58ef9a6fdb039d8689a74349,04256520,04256520
Sofa,81a7007ead4051cd22ed3259ee7e608a,04256520,04256520
Sofa,52687262fd77ba7e4de2cf65d389c763,04256520,20000028
Sofa,821bebd7ac070a0550fc88ed745bdb67,04256520,04256520
Sofa,b2c62e5b20b34fad5844a4d0ab925627,04256520,20000027
Sofa,21140988a7602153f05a611b5fe35f32,04256520,04256520
Sofa,68ae06512cfbf4f95fc186cfb5f359d1,04256520,04256520
Sofa,1c9d333bda4b2977f92f3e7bff4c4ab0,04256520,03693474
Sofa,61177f1b2f1dc0b394fadb3555028734,04256520,04256520
Sofa,b913574ffbe7400ce8417aef1b7a422,04256520,04256520
Sofa,4bebf39e3fd794937177a91ecaf96588,04256520,04256520
Sofa,17555a8b1def80abce101336817a135f,04256520,04256520
Sofa,1d3dcb5fe999334f83de73f58b2fc4ff,04256520,04256520
Table,726c677962874743002761e7a3ba3bd,04379243,04603729
Table,77f6685f2df21522bc31aa2bac13542b,04379243,03179701
Table,a392cd632ea01b6f53a71d150e481685,04379243,03063968
Table,45da524a32676350b5817dafa1567392,04379243,04603729
Table,9afa121e3aec8bd7c387f328a37d8ece,04379243,03179701
Table,a49d69c86f512f5d28783a5eb7743d5f,04379243,20000041
Table,7b92f6facc2a27bc84cc0348a73b80c3,04379243,03179701
Table,58b499ba308f9e82b4c161851ed2b4e4,04379243,03063968
Table,ed0b1bd723063c8ee1be359afa82825,04379243,20000041
Table,d8bd55abd721dc0c99860e9353bb52a1,04379243,03179701
Table,6e029f7d5901aa2e2e4e89f168578552,04379243,20000038
Table,57dbdc49bd549a508d1542df8403619f,04379243,20000039
Table,8891a73ddf73656be4ef113421a70a46,04379243,04379243
Table,9d1f337286e7a4d39aabd1d2b22d025,04379243,04379243
Table,958c5eac527deb6e89a6f9d60821eb9,04379243,20000037
Table,f5ad10e6a938aa80e85c7a030ebdf69a,04379243,03179701
Table,1fcc1a3a879b2a037d43e094da89ace,04379243,04379243
Table,e5567158ce772a43fcf7d910cd22d7c2,04379243,20000041
Table,db5a895ae7358c97b66213207f46bee7,04379243,03179701
Table,1fdb34aefd1d6eebb4f9aaea3b860d10,04379243,04379243
Table,aef9ca5d1b98b85186ac7f2dceaa530,04379243,03063968
Table,28de11ca3a3bfc00acbc34d1ed23b6a,04379243,20000037
Table,5b100f548ae5b162f51fa0238791f5dc,04379243,04379243
Table,6712647c8e0c6af29b6e5e087210d348,04379243,03179701
Table,c5a02d586ea431a1e76bc197b3a3ffc0,04379243,04379243
Table,1615fc31b6daa088c3bd24f986301745,04379243,04379243
Table,77e03976667383c3d810b14a81e12eca,04379243,03179701
Table,5ac80d0ff2237fd8e2dba1fdf90cf48b,04379243,03179701
Table,d67265ea100ceb32ce11183544874734,04379243,04379243
Table,54dc32618be1ff18b3c0ea2ca7165b1c,04379243,04379243
Table,a98482ce1ac411406b2cda27b9d80e15,04379243,03982430
Table,a37bc9fad75b6def3087f84b199fd297,04379243,04379243
Table,f6cd420f08155054803d0f5bac2abe4c,04379243,04379243
Table,fc3d08b88b00d95212610a4585592f3,04379243,04398951
Table,c399ed276ed35cb9a6ce08f0d82ba063,04379243,03092883
Table,e809af47a0255110855931d119219022,04379243,03063968
Table,1d825a5cd1884610b08fe058d24e7e61,04379243,04379243
Table,9f286ec40676d24e3dfc74c6ca03fa25,04379243,03179701
Table,cdc9ea006d761feb8c56c26d10173bf7,04379243,03982430
Table,2f32966fc64688969a08db804545b684,04379243,04603729
Table,bdf30e94446293c645de94e1bc93a4f6,04379243,20000041
Table,335c2e4c3991768218ed1f44219ab7b1,04379243,04379243
Table,cfa823ee81496f5912b57997414c1d71,04379243,04379243
Table,d5978095ef90e63375dc74e2f2f50364,04379243,20000039
Table,48af84a5600ad5bc19fb4103277a6b93,04379243,04379243
Table,e1369c3a3daefef158df8eeaf3dad1c,04379243,03063968
Table,1846b3533f41ae82f8c4b4cfc2702232,04379243,04379243
Table,d1807006e89f9e7c3087f84b199fd297,04379243,04379243
Table,65e7fd8d158658106a76e23e6f966dea,04379243,04379243
Table,b1cb375e7f3fe171c242632b2a8c3129,04379243,20000039
Table,49ce1344c3c8a652f9883d2fd957d60f,04379243,20000040
Table,8e3524b6312f60738ac5263758737a81,04379243,04379243
Table,6718e0bfb822e591738e43095496b061,04379243,04379243
Table,fe82d64b0268ba75febad4f49b26ec52,04379243,04379243
Table,681ee7768f9fa9072c5d34a902e568f9,04379243,04379243
Table,9f7a8670a87dbde9b50d0c6a0c254040,04379243,03179701
Table,d458bc90f183605119fb4103277a6b93,04379243,04379243
Table,87ca3e8e37367054dcabaa2ad147fa73,04379243,04379243
Table,a83cda80e5c5a0fc3719086e0b4ab8be,04379243,03063968
Table,2145e510632056161afe34ec6aa383f,04379243,03116530
Table,81808dc89c4461bd9a3d6682397a3947,04379243,20000040
Table,e0f8fc5dc186a597a636371b2023a251,04379243,04379243
Table,601fea1fbb6d791589ccdb4a5b6b972a,04379243,04379243
Table,f7c7e05da64f6e4f2aa0f30a1572c50,04379243,04379243
Table,2e30c286710fd73d492d9da2668ec34c,04379243,20000037
Table,b5529f6f5679d705c8b2ff62b26cb42,04379243,03179701
Table,7cfa4ac4e24cd680c3bd24f986301745,04379243,03063968
Table,3f4e117f6172555bd7691f54dfc57244,04379243,20000037
Table,44ee5a33ebe173c4d28a525d8260e58,04379243,04379243
Table,14be1ed92182d2da722332c7d77935ea,04379243,03179701
Table,7eac5c3e4a8e4e086e5b9257c4084ca2,04379243,20000041
Table,a003e49331f19341b0449d422c1e5657,04379243,20000037
Table,4bb4904b8f4c7f8b0e5927ab4191382,04379243,04379243
Table,136f3b0a4893cadf4f1b88c70d074e4a,04379243,20000040
Table,7727cc0cb47705632dfc2f8d5d30193c,04379243,04379243
Table,5ef7fbec36f8854ef7b4b759a0c02e4a,04379243,03063968
Table,eb34935c60281450d42b9650f19dd425,04379243,04379243
Table,143e612ff081f2fc3dd0bb3e608c7548,04379243,03092883
Table,85d5a731ea4865c1e258f9dd9d42f6c9,04379243,04379243
Table,788a2ae90158f42af4b6538438a0b930,04379243,20000040
Table,14b250fe1e9d53beb97452240e92ab9f,04379243,04379243
Table,cbf3470a35aff67e483fd274b1c29225,04379243,04379243
Table,383fed2f8f81108c6fa63795f94c4d8c,04379243,03063968
Table,b70483396e091a75808b6f0b77e3bec3,04379243,03063968
Table,f37310698d465cf8c8bd09537246ca3a,04379243,04379243
Table,a18aa2d20d516333daf1f22b6daf05ed,04379243,04379243
Table,daa7a962994ff710d19f6764502e1046,04379243,04379243
Table,ffb5e48fde2cca54518bdb78540c51ed,04379243,04379243
Table,888faedfa6002b8cdd7e7281b421bca5,04379243,04379243
Table,87fd23051b01997418885412f2b0a4f7,04379243,04379243
Table,459304c1c27aa82aa14bb1d7e401bf06,04379243,04379243
Table,9e229ffbaf9b7395efb9eda839fc42fc,04379243,04379243
Table,42496cee03df8154ac2b62da1791c2b6,04379243,04379243
Table,649cea3b17ffb31bfebad4f49b26ec52,04379243,04379243
Table,3cbd3d2da993a389fb05cb5458b1da64,04379243,03179701
Table,ab2967188299bea54cb0654f4cfa9684,04379243,03063968
Table,1bd49921fac3e815c3bd24f986301745,04379243,03179701
Table,9d0c9d8e03fa4f281a67ed3cdf707521,04379243,04379243
Table,c29a4a7506b89be2af4d0d91ea903469,04379243,04379243
Table,3fa4d59a29c3b506a5e91f4d594e20e6,04379243,03063968
cabinet,7c12c2a7a1957abc8bf788ad2aab0947,02933112,20000010
cabinet,2f0a56c30e384642c59350d819542ec7,02933112,20000009
cabinet,1055dc4f3f2079f7e6c5cd45aa112726,02933112,03018349
cabinet,1ee58b9b772b8807f51f77a6d7299806,02933112,03237340
cabinet,47b069b828d9fae54692707833167ca3,02933112,20000009
cabinet,407a485c7d711903ae25f6fe802a8997,02933112,20000010
cabinet,33445d9d7f166d6c5588a2543ef0b0b4,02933112,03237340
cabinet,a64be5342dd3c9f782ef94da039e491f,02933112,03237340
cabinet,2f2a87c3626ff6fe1aae34e8209c4d10,02933112,20000011
cabinet,b3328bd358d7ace07c68e936cd219e1b,02933112,20000011
cabinet,18d84c10a5068315fe5c8ffd0f5eba47,02933112,20000010
cabinet,47f477a8b67d28028f1735145fdf5c5c,02933112,20000013
cabinet,282f296a666fb63dc59350d819542ec7,02933112,20000008
cabinet,e05be650930e7eadab9ab77fc8888129,02933112,20000011
cabinet,b8e019587c8157041a3b39b07e4b3d0f,02933112,03237340
cabinet,7328b4c001a249ca39d3717288022c20,02933112,20000012
cabinet,a8a4fbca233fbadb7ef0119f8dd1f40b,02933112,03237340
cabinet,9d59bf323b297b327885a2b9445961bb,02933112,03237340
cabinet,41472c96b430a1c44f03bfce55719739,02933112,20000010
cabinet,6b7123a3631583c612de5317fe5b354f,02933112,20000012
cabinet,be4c2bb409fb8374b5f72e2923ab992,02933112,20000011
cabinet,cece5afa11b5ea16d2096b2fa6f98cc7,02933112,20000010
cabinet,139aeafbfbdd6bb64da5feafe6f1c8fc,02933112,20000013
cabinet,85868e1440bec257a4bc7fdb4c84963,02933112,03237340
cabinet,2b80c8d68550986bc59350d819542ec7,02933112,20000009
cabinet,124cd036611b65b514038d588fd1342f,02933112,20000011
cabinet,6d5049bc983aa8b4a805114916841d69,02933112,03237340
cabinet,721f7a03a70b1107c0b2397831029b54,02933112,03237340
cabinet,74126116f42f09e2e6e130a30b5ed875,02933112,20000010
cabinet,253c1fd3743c47234da5feafe6f1c8fc,02933112,20000009
cabinet,21f3c0d4604587b4da5feafe6f1c8fc,02933112,20000013
cabinet,54a7817fcd0919697753725ea42159e8,02933112,20000011
cabinet,9702a1fa518b960784db07849359372d,02933112,20000011
cabinet,3d21c18153474a0acf004563556ddb36,02933112,03237340
cabinet,1222c37fc0c37124824662341ce2b233,02933112,20000009
cabinet,917de5653765673f8c2611a5a36e83b4,02933112,03237340
cabinet,584b055cbd62b8572d7ead8d9eea29b1,02933112,20000011
cabinet,b30ee0cf13247fa7f51f77a6d7299806,02933112,03237340
cabinet,97ff4614190d8cdfff05fff9845ac53e,02933112,03237340
cabinet,3ba62bcd5394d5504c62bee40dcdc539,02933112,03237340
cabinet,595999124367c701de650492e45fb14f,02933112,02933112
cabinet,c5aa72cca5cafd3f842982c980a38094,02933112,20000010
cabinet,530d7817abf9b54e73f47577531a0b51,02933112,03237340
cabinet,40d4200a071b555c5588a2543ef0b0b4,02933112,20000013
cabinet,718f8fe82bc186a086d53ab0fe94e911,02933112,20000012
cabinet,90e6262b1713ab09fa3b6936d7879478,02933112,03237340
cabinet,e16c0191973a25f02d63c890dc92b5,02933112,20000011
cabinet,eb2843ff62280f5320768660cf080d12,02933112,03018349
cabinet,c35d287217403cf3236641942dd4b3c,02933112,20000011
cabinet,b38a8896aa33692098605fee62c12dfb,02933112,03237340
cabinet,1d7b04fd768eccb5f838a2212356e267,02933112,20000011
cabinet,bcee1a76f453723c4cc1952ae0d6e81a,02933112,20000010
cabinet,63f3ea0c41eedd19f51f77a6d7299806,02933112,20000010
cabinet,6a121783609b4a18824662341ce2b233,02933112,20000013
cabinet,1ff28690a2ba31e4da5feafe6f1c8fc,02933112,20000013
cabinet,1819a4e03dd67e6c59350d819542ec7,02933112,20000009
cabinet,2f0fd2a5e181b82a4267f85fb94fa2e7,02933112,20000011
cabinet,2bda2392d5715d16c59350d819542ec7,02933112,20000012
cabinet,a5f28af83eb1dfbc3ffd072b23bde58,02933112,03237340
cabinet,2d1b4c33c0a40653c59350d819542ec7,02933112,20000012
cabinet,1a9a91aa5e3306ec5938fc2058ab2dbe,02933112,20000011
cabinet,df74daf1f96515bf9b849da658b46825,02933112,03237340
cabinet,9c87e3b439c20e177f1513678f5ee92,02933112,03237340
cabinet,ac980e21cd4f41eed5076afb08856f4d,02933112,03237340
cabinet,29c6f3ce118576724da5feafe6f1c8fc,02933112,20000013
cabinet,d30e98009559150df27756ab62184cd0,02933112,03237340
cabinet,d4be807e568ae84d7b386db5665a1b3,02933112,20000011
cabinet,7aac04fa0361f0da2f8bc0d6e7c6775,02933112,20000011
cabinet,3c1f9b42e848c740c59350d819542ec7,02933112,20000010
cabinet,a71fa3fbcd132c39cf44224546cb0306,02933112,20000010
cabinet,7e2e24fed142bb20310af74324aae27f,02933112,20000010
cabinet,d89866af0e191e40c4ac7545c4775b33,02933112,20000011
cabinet,1d898bbd8bbad8f98430b7446f9e1252,02933112,20000010
cabinet,acee69c7c5517899af4d0096b3f9aa03,02933112,20000010
cabinet,55bfa46d7b39f4dcc59350d819542ec7,02933112,20000012
cabinet,817e119f087cf8f8f44880b8ee951142,02933112,20000010
cabinet,663cf5c8c88a187b6fa3ef67a69ab460,02933112,20000011
cabinet,c7c782fd5976ed7214038d588fd1342f,02933112,20000010
cabinet,321eb85037156544799b0b9a0d4a12cf,02933112,03237340
cabinet,247dfd279585b1b0c59350d819542ec7,02933112,20000009
cabinet,abbb13b953629109d0b36851d61b6fca,02933112,03237340
cabinet,b4d82c9706931d29d1d193a59606317a,02933112,20000011
cabinet,2b6bd6e0b3c2565839d3717288022c20,02933112,20000012
cabinet,e3f3d58fe3cd9746a485daf2a997e28,02933112,20000010
cabinet,b1bb6113dcdc8a65ffa51bfffbc09ebb,02933112,20000011
cabinet,534d0386ab0bb650ae96150e4aa362f9,02933112,20000011
cabinet,fdf32559c6b7a6643fe047712e43e185,02933112,02933112
cabinet,580a7733e55e08be3c8d0fdfb1cc2535,02933112,20000010
cabinet,a01619556405ba3f2633ff66beb9cf31,02933112,20000009
cabinet,da5d7b5dfa92abdace5d6e9371bb5c33,02933112,20000012
cabinet,4e62d6e735b8bf2b90071898148dca0e,02933112,02933112
cabinet,3e080e2b2556add4eabad247a05ad956,02933112,03018349
cabinet,1de9b71f35b51b56c59350d819542ec7,02933112,20000009
cabinet,61d42e7c7c16b2d53334fb6668ccd834,02933112,03237340
cabinet,14590b6bdb425e80d8986c3ed6c52fe2,02933112,03237340
cabinet,3b6042e3f223da66200ec3fc5b3ae5f4,02933112,03237340
cabinet,2cd6ee7e592939a9824662341ce2b233,02933112,20000013
cabinet,533ca24b72a0552c5057ad0f363d6ddd,02933112,03237340
cabinet,1c87c14a44982206df3a1b0d597ce76e,02933112,03237340
cabinet,c129e7434b33f3cf1b17743c18fb63dc,02933112,20000010
cellphone,e0d9622225e1361883b4bc86420ed21d,02992529,04044498
cellphone,ae86fa976ddb0f923bb35aa9d5fb636b,02992529,04044498
cellphone,8caf79a2bf3be9fabfbac23a8087e8f4,02992529,04044498
cellphone,5cc54b5db73e9e1e6decf1414eac2924,02992529,04044498
cellphone,180f36e0bdb9b33f53de6f45c4ae68a9,02992529,04044498
cellphone,ed71d2ed652b911e7f521a3dcd28e9d2,02992529,04044498
cellphone,4157af4a11fda8ebdd3d821abaa89276,02992529,04044498
cellphone,8873af9392bc7506f1cb19f636b1c2bd,02992529,04044498
cellphone,9b608bcc7e62c3e2dbe1e810cdc7471d,02992529,04044498
cellphone,fd3c1ac6cd1f94bd3982f71b09380baa,02992529,04044498
cellphone,b1537f1eabb7f5009f7477e2986c440f,02992529,04044498
cellphone,ae0b011684a6c46c10bc2436075f6a52,02992529,04044498
cellphone,933d5c217d9c01789daa2bf0c68f794f,02992529,04044498
cellphone,692e46bc27bcdcebbdc2330c91f5a859,02992529,04044498
cellphone,3488722618d61cacd5b6fb666fe071d7,02992529,04044498
cellphone,9911b2ee8470d6dab2098fa3046754f,02992529,04044498
cellphone,4a60039ed657d838fe5c7c47101442e0,02992529,04044498
cellphone,39cd15c429c6007e2826f529d0b74d3a,02992529,04044498
cellphone,f6679591247bc328afb07a946d621b3c,02992529,04044498
cellphone,68b80d0086322ea33615136d92a66ba2,02992529,04044498
cellphone,8ce0fff87979560bed1f9cd2184d7b73,02992529,04044498
cellphone,dd02413772656bf5f6cc8d1cc08b421,02992529,04044498
cellphone,a857d9e7cd90163e10bc2436075f6a52,02992529,04044498
cellphone,f4eda7905f55d1b382476058422e4a4d,02992529,04044498
cellphone,342ef21b1ed9615685feaf23dbe1f454,02992529,04044498
cellphone,49ce3fc723ee4b362d43b5caea00b490,02992529,04044498
cellphone,657fbd67af945c39d9e3837723c05057,02992529,03488438
cellphone,1bff7e425c06b65af431996b7f8b435b,02992529,04044498
cellphone,effeac02fe96f769146071e83265f12e,02992529,04044498
cellphone,e33e1483c4c22b1ae71852a7b0e4fcb6,02992529,04044498
cellphone,7114283643761bb4a5545c1d5c84020a,02992529,04044498
cellphone,f2158f4f4141e07825a703f74bf22d93,02992529,04044498
cellphone,d0b5b899929975558ee99126b119afe5,02992529,04044498
cellphone,393ae1877a5e20478139dd63d55edc44,02992529,04044498
cellphone,b91bbf0a0d09d2eb243525d45e430520,02992529,03179910
cellphone,93cc80bca9e1812a64a09de5345a6fef,02992529,04044498
cellphone,79912d77eb2866af4e964633a1b1c39c,02992529,04044498
cellphone,3621cec4df1ddf421844676433a0aca,02992529,04044498
cellphone,e9352850a60bbee4975308da62ab2e39,02992529,04044498
cellphone,c3b9cb70c6a80ed686a04ec9e4169973,02992529,04044498
cellphone,4a0cd042d7479d6810bc2436075f6a52,02992529,04044498
cellphone,e4a8822c5faa386fa9976d676758bbee,02992529,04044498
cellphone,53ce93c96d480cc4da0f54fde38627c3,02992529,04044498
cellphone,7e8e9cc2cd70a66d4d1f2fe604198dc9,02992529,04044498
cellphone,6710c7894efe94cb918f30c146a92bd0,02992529,04044498
cellphone,c1ae3b758aa9ea5e6dba92a4e2177102,02992529,04044498
cellphone,9f56c8a7cb64f4c36c87ee6c360661c8,02992529,04044498
cellphone,975de17c0b5d96cda38e5bd2fdb10d11,02992529,04044498
cellphone,c556efeb2bb3df4621844676433a0aca,02992529,04044498
cellphone,f649a5368586aa77eecb4e0df212ad9,02992529,04044498
cellphone,e76bbcc0029c979721844676433a0aca,02992529,04044498
cellphone,4b91c9711ca991768a57ed2dc0905847,02992529,04044498
cellphone,ff1e484e02e001bdf8a0d9b8943b4050,02992529,04044498
cellphone,5ba2137f5131db06219e978e6e16d30b,02992529,04044498
cellphone,388798a892636235d2a526c0a7ff71e,02992529,04044498
cellphone,447cb44311eb5dda57e80f5278d5b50,02992529,04044498
cellphone,bcf3ca7e860d04eaf0fbb92458462640,02992529,04044498
cellphone,24f3752312dccca3e23b34f33128879b,02992529,04044498
cellphone,6d053ef40bedd8fcbfa0195eb6461a44,02992529,04044498
cellphone,57632112a9128a16a82783081c89c0aa,02992529,04044498
cellphone,8ef2182a6f91e71e7877a964f5722626,02992529,03488438
cellphone,1c3795fd5c4c0a3c2efb70bd2c052734,02992529,04044498
cellphone,c70daedaade33fd0fb24e6a63c26ad2d,02992529,04044498
cellphone,1e52452aeb4bacbd83156841b8188cc7,02992529,04044498
cellphone,831d6d9118e1a2fb71f2e8f64dc1f509,02992529,04044498
cellphone,7bd964021c9c26e0e4b68d3b17c43658,02992529,04044498
cellphone,30d54e046b9abe8bf1cb19f636b1c2bd,02992529,04044498
cellphone,6cc44d39e099bb6b9ef9eb3ddb0818a,02992529,04044498
cellphone,b69603be92146a161ad8041551e9d3c2,02992529,04044498
cellphone,56a32f9e4785d3928a4adbc089030705,02992529,04044498
cellphone,e5b629f4a5e7467066ccbd11a6ef0f68,02992529,04044498
cellphone,6e30906a4d0854e9f31b75c4a94a8879,02992529,04044498
cellphone,4546af9a8a67e7439c3dc4e242073921,02992529,04044498
cellphone,5bbf52512a45bddb7525dc2f981e5489,02992529,04044498
cellphone,e483787b7f9c606042f892024869e751,02992529,04044498
cellphone,1ecbb2ddeca087b5fd71b7a0b881ae82,02992529,04044498
cellphone,b159743a482e73baa56eeaf8467b96e,02992529,04044498
cellphone,e7bb86cd04cfd98758f1d9dcdcb62d55,02992529,04044498
cellphone,e8d826158072a6bf1455397a420729a1,02992529,04044498
cellphone,c65f71b54023ee9897d7ccf55973b548,02992529,04044498
cellphone,6fe550e061e70579a05d3424fd8d541a,02992529,04044498
cellphone,854ab60bd57d3d6d2f412e1bfcc51526,02992529,04044498
cellphone,c0969979d6ff51f3db27d84853613218,02992529,04044498
cellphone,d050f7389538de04ae0591d02e40f07b,02992529,04044498
cellphone,ae819b81ba34165dd6ec95d8e6b9f557,02992529,04044498
cellphone,a24fb0602fc7fbf4ec059109909662d2,02992529,04044498
cellphone,9b74db2ebc90ae4789905122ac8b41f3,02992529,04044498
cellphone,2c03ac9bbb3d918411f02c4c36ed7f25,02992529,04044498
cellphone,f9418c13ca82fb887f75fa9740df3aa6,02992529,04044498
cellphone,e2ffd39f88dc381c3455cac94a339dea,02992529,04044498
cellphone,cf0dc63412541764cf9d394118de0d0,02992529,04044498
cellphone,976a8d10e8423f8d8f15e8aad14ff29e,02992529,04044498
cellphone,5d1652fdd7cd46d0dbb1de10c9529bf7,02992529,04044498
cellphone,7bf76e92b684d32671ab0d8014490a7d,02992529,04044498
cellphone,4303a97b71a1bb894208dfa1c5fa1065,02992529,04044498
cellphone,e8345991892118949a3de19de0ca67aa,02992529,04044498
cellphone,6bda193370e2c7e9a30edee0b4a86a6c,02992529,04044498
cellphone,69b74f6c66dc2adf5a627be422951096,02992529,04044498
cellphone,bf11938460e160c78190e4bafebe046b,02992529,04044498
cellphone,fd1dd7c841cd9cf51f05b3da5aad55f7,02992529,04044498
rifle,193e079f24ac1ded1153b2cafc57da88,04090263,04090263
rifle,b77b49b9bd84123140385522d1beeb20,04090263,04090263
rifle,216637165f69a2b5be0132953bc535f3,04090263,04090263
rifle,99866ea1b82e18c982cb4f2e118e48f4,04090263,04090263
rifle,259edfd9a26c68104c16ba0acd861632,04090263,02961451
rifle,d91e08ed981156717a362e61d329c7ed,04090263,04250224
rifle,c40d62605e84c6beba1d8c8cfb70e106,04090263,04090263
rifle,d47fb169bef4420bc4e8ec0d6d668411,04090263,04250224
rifle,4d4fdcb113d7ed643a6842b1f893c19,04090263,04250224
rifle,1196978aaae2ab55537a44a51980defe,04090263,04250224
rifle,689a9c745c6a776021d9cbc846872d86,04090263,04090263
rifle,94d526e75ba18f3326243ac6fb5d9ad9,04090263,04090263
rifle,7fe56b2c6ee7d118994714b2bc8b41cf,04090263,04250224
rifle,ff7afbe21c3c9408a2e534aa19c114b0,04090263,04250224
rifle,f9564e57bef8a7446c16036d807ca393,04090263,04250224
rifle,1cbfb1c063b34ab4ab379c9b5bf12bf8,04090263,04090263
rifle,a6f0f0aab2ab2591341b8a806253912c,04090263,04090263
rifle,d945ecdf7613bfe0c7da109ecb5068a0,04090263,04090263
rifle,a573925ea3002ef5878dfef973fade71,04090263,04250224
rifle,9168d4697d83cb9215bec5c0df04f3,04090263,04090263
rifle,8325595fddab7e47dbf42f7773eadf2d,04090263,04250224
rifle,d9f1cee28bd9a88c2f2258791e7c116a,04090263,04090263
rifle,5df501ece93bd3f522e2c8abc98c5f41,04090263,04250224
rifle,a51c1dcbed07d1de27be842e82df28b3,04090263,04090263
rifle,48d5a68d2228359fd735fa1ab17311ec,04090263,04090263
rifle,fbc88753c7697b825e4f1f524019c,04090263,02961451
rifle,a8e3b605c0eb659e5f6c4107d78f2cc,04090263,04090263
rifle,d96e0f2fdcdfc47cf1cb19f636b1c2bd,04090263,04090263
rifle,390d25757d6532d5dd8e6e2fb6475d03,04090263,04090263
rifle,3ed5ea03e0eee521bc6e84bc30e573cd,04090263,04090263
rifle,f5a9d847f69449626f07a69f0bbe0f4,04090263,04090263
rifle,e574eb37ea6ee685e1f2a1daf140ac9f,04090263,04250224
rifle,27df401605241825fb5c1b0f759e2bc1,04090263,04090263
rifle,6e23faad8bff1e12f7bd077790d66b82,04090263,04090263
rifle,ab0fa4305623f6c3cdf27c4099cb6beb,04090263,04250224
rifle,82c3357fcd007893d17373579e6fd9be,04090263,04250224
rifle,68333b503766aeab6171d14862875338,04090263,04090263
rifle,3728ea8fca746a8d52499cf3d29e4e95,04090263,02961451
rifle,14a3a4e859a9462bb335d40260934189,04090263,04090263
rifle,b73a819d88bde44c24d00518a3dd6ec,04090263,02961451
rifle,8933f22af2576e5b9f433921788191f3,04090263,04090263
rifle,62fc2e971d8023e61a6fae073bf19933,04090263,04250224
rifle,900211102042c2d8fcfb3ae2df2f7efd,04090263,04250224
rifle,6a9fac86136c7ba0f3dbacbbb2e7e80c,04090263,04090263
rifle,e6ff26a9ad6f6321ec69d13496bd4a34,04090263,04250224
rifle,94510c7e5c40166d1fabf3cbd0fc77bc,04090263,04090263
rifle,5c463ee11ad412ffc75e2dd4efaea578,04090263,04250224
rifle,e6017a1e15095b4e6314c3b6a3a65519,04090263,04090263
rifle,d5ee8eeeed055401a3a714c763a6fafd,04090263,04250224
rifle,1c4361c083f3abe2cc34b900bb2492e,04090263,04090263
rifle,230851bc45f916297c9aa6759ab09b15,04090263,04250224
rifle,e9fdc6039ab91746580389adc8c1bb70,04090263,04090263
rifle,d2aef97be32d8118433d7c8e9cebd7c2,04090263,04090263
rifle,7d2adefb8872fb564d73c4d754d3623a,04090263,04250224
rifle,7e0e797780f6945fc75e2dd4efaea578,04090263,04250224
rifle,36d3338314e3db7cf6099a039722df68,04090263,04090263
rifle,5eb64afe7a276c243a653cb492d78488,04090263,04250224
rifle,2e9dad6c61b3269b1ea15a3c13db250a,04090263,04090263
rifle,9e43b09d2c4115276f21883e4b04581e,04090263,04250224
rifle,f5cfa769619f708bda733a39f84326d,04090263,04090263
rifle,a52c4c07d951fcbc3068951f59ff267e,04090263,04090263
rifle,5ce2da67625a1415ae42d8f433c1cdc1,04090263,04090263
rifle,4c31d19625e911e1f8edafa0d47e47db,04090263,04250224
rifle,1e7dd1677a62d3caa672357dc73b83a6,04090263,04090263
rifle,278f6f0588771123f8edafa0d47e47db,04090263,04090263
rifle,7bd5febaf49a0cd44bec850c6c6ccac1,04090263,02961451
rifle,ec372fed4900876350c27b805d1a86be,04090263,04250224
rifle,98882aaa0d1b597127aebc12b787c594,04090263,04090263
rifle,b72ed7c7239e7bfd8e62f59b444d701a,04090263,04250224
rifle,8d1cddda904b6f363a842af7a220e7d,04090263,04250224
rifle,ff042c9b61e609a78e4ed0a212e54db7,04090263,04090263
rifle,4e4b42da5513ecd175d25d68bfc74949,04090263,04250224
rifle,6fafe3b82e6e07de460c5cf20e4c5e41,04090263,04250224
rifle,af6601f4d67d85e9422881265f219fa6,04090263,04250224
rifle,a5bfb8e604bb2d8173db096a9cda49d4,04090263,02961451
rifle,357f37fd725c0fc116814c0baffb6c9c,04090263,04090263
rifle,bca09e37935082a925ff9d2d1e4772c3,04090263,04090263
rifle,27fc3208942d136b92cea77f96988ae6,04090263,04090263
rifle,37f8e929e458d0a9c2c44977d8755d41,04090263,04250224
rifle,596c401bf2ea21e55e9786b1603f45c8,04090263,04090263
rifle,9ed34fd8df53c865cccd2ea14d020703,04090263,04090263
rifle,584cc870ac0550e87a268987b1e73ce0,04090263,04090263
rifle,b9b9eb89bea6ce2fbeef84a1ff2df7f,04090263,04250224
rifle,d0987a5b6c5c6118143bcc14d754d44d,04090263,04250224
rifle,9301e31bfb2f8f8d88be2a30dd556a09,04090263,04090263
rifle,727b9b62c52fd7d6bf36cf6ce284411c,04090263,04250224
rifle,5b1434e9b907eab76bcddb6c0dc071c3,04090263,04090263
rifle,7b0137debf39237d618f190677511085,04090263,04090263
rifle,8ef53ef4767baf0d9af0e0a4fa12498b,04090263,04090263
rifle,56b2a58cd5c679b35da6a29f026db97c,04090263,04090263
rifle,791efe6841d0995a1d9b004d9d8d2781,04090263,04250224
rifle,a4888af5b6c4c631cb239ba7670e0fec,04090263,04090263
rifle,cbe8debb3fa41f716e96d446ae30c673,04090263,04250224
rifle,afab3cfa9a8ad5f55dec35fda9dd6781,04090263,04090263
rifle,a7b3c912a793ddbdd107072754c68ce7,04090263,04090263
rifle,9cc7d4e39b1fb17993d988207a39086f,04090263,04090263
rifle,91729b92eeab3fdb3a653cb492d78488,04090263,04090263
rifle,d254cbd6f2e319ced348fc2382f06377,04090263,04250224
rifle,43e2cd954ae1e3ed18bc22abef3f86ce,04090263,04090263
rifle,8588b43940114af7eab5ee569c9de1b1,04090263,04090263
speaker,5976630a3b8452617ae81ddf970c0d9c,03691459,04349401
speaker,5edee1135040e2a9aa2b654345545ea,03691459,03691459
speaker,91ae8db92f3dd88b55a8aec4bacc60b8,03691459,03691459
speaker,607096f600b6b75620363e2561dd589a,03691459,04502670
speaker,65219b552c301aec7b440c5df8efc309,03691459,03691459
speaker,be2df150c86b57d2c9db3276cf490d3d,03691459,04349401
speaker,93927ab6b44bb95a1c4980134f4ff624,03691459,03691459
speaker,5b3bf009f0dee3f01ad88f716ea80910,03691459,03691459
speaker,142f66a7bc5e119d18d385624fdfc6d0,03691459,04502670
speaker,c32bfe130412d9c6d9b106ceb230ede0,03691459,04349401
speaker,92e409aa16d2d673b5203226c26c59ad,03691459,04502670
speaker,9b9b41d3d02ce68d1b009b4923bf4541,03691459,03691459
speaker,5ea9cb9068520d3bac80666502f7b62e,03691459,03691459
speaker,9d0734e39f06529ac0cc451921109913,03691459,03691459
speaker,71b68a5e64903e0a1ad88f716ea80910,03691459,04349401
speaker,9432e02e277a206e3fccb208b0350a,03691459,04349401
speaker,1d4bb07ac73996182339c28050e32573,03691459,03691459
speaker,cc01f463f825ee9024fa1bc380696e03,03691459,04349401
speaker,cb3bc7b6610acb7d7f38a9bfed62447a,03691459,03691459
speaker,c3733b26c3fa23ce2633ff66beb9cf31,03691459,03691459
speaker,5a943e38dc477bac4310636931b68fdb,03691459,04599124
speaker,f5024636f3514eb51d0662c550f8f994,03691459,03691459
speaker,e1be0b02973011aa4c5341ee07f41676,03691459,03691459
speaker,8b73786c112d262d4852385de47501f6,03691459,03691459
speaker,ee6445b3657504053839b8b68c69081c,03691459,03691459
speaker,82ccc798c04e4592eb34db531a289b8e,03691459,04349401
speaker,bc547d63373a98997dc4f6934317af74,03691459,03691459
speaker,91b781b40d32b74dc491effd0ae881ea,03691459,03691459
speaker,ff9590ccc2613d6c332d76467c18dfde,03691459,04349401
speaker,ef720d2b2de59184e775d184845c9f5f,03691459,04599124
speaker,9a859f2668f727abf6da3fc8db3c804,03691459,04349401
speaker,d1274fdcd4f8a611fe10244ee697dc96,03691459,03691459
speaker,4902b88bb0834522ea9b57bdefcbc9bf,03691459,03691459
speaker,64ba67a67d83811c2b688d771932c023,03691459,03691459
speaker,2336a8ba5ba8a9f0ce029fab54b6cfbd,03691459,04349401
speaker,85e8d20d51ce13cc7fbc060fd555478,03691459,03691459
speaker,68d5652dfb91b82fa2b4280235a76885,03691459,03691459
speaker,3256546f0f70af9c39c80a095f51c7bd,03691459,04502670
speaker,63f06aff0721b648f322c3e7acea58f1,03691459,04599124
speaker,b2705ec086216be91a68031139d740d,03691459,04349401
speaker,bae089bd1855bcdcfa9922db9b6aab31,03691459,03691459
speaker,56e2ab8ad78040432b3bd152980e4b5a,03691459,03691459
speaker,16e3c79113685e52203eacdbee49fa8e,03691459,03691459
speaker,a76f63c6b3702a4981c9b20aad15512,03691459,04349401
speaker,711b146200447f4183247f812f2eaa97,03691459,03691459
speaker,7bb0cc242729aa90eafe995fd10c1326,03691459,03691459
speaker,945805d18c0de73ae3e30e20ce3a5bf5,03691459,03691459
speaker,7f448ebca95a536f40e7eb33087f3287,03691459,04349401
speaker,f858ecde18c5dae2f398d0c5832df00e,03691459,04599124
speaker,6575a80a0daca56d1b37f37a4873fcf0,03691459,03691459
speaker,1e52b6d474a08635c10555abb2efb430,03691459,03691459
speaker,e97a846820b094b8f439510dd98d9326,03691459,04349401
speaker,a9957cf39fdd61fc612f7163ca95602,03691459,04502670
speaker,67b63929a6fc3804dc7d80effd6f43c0,03691459,04349401
speaker,775f3b78e226f125b21450114b9ae3a,03691459,03691459
speaker,93b8f4ddd36419998cbc76a30015552a,03691459,03691459
speaker,58e73b03f3ecd4a45a31d91ec836a511,03691459,03691459
speaker,90143acb141fb1cb4292de5cdfae65e2,03691459,04556948
speaker,acf4daa2ed704ef36a27540a4ffd1b08,03691459,03691459
speaker,83cdedb3431e8d8a41c95631f0cd177d,03691459,04599124
speaker,95db5c34357e2a81bbb94390080b5b78,03691459,03691459
speaker,87e2d9c72eeb8c49f398d0c5832df00e,03691459,04599124
speaker,d922dd8309247d10ef94793a67b4c5c0,03691459,03691459
speaker,c216e0b5470ec21f6ca2b6e5474aad11,03691459,03691459
speaker,4fef29cfa7ff1498442ed26ceeb35a60,03691459,04599124
speaker,c51823c76ebc7f6e464e6423c0222f3b,03691459,04599124
speaker,e30bfb0ab456101cc0b5947ffe18a468,03691459,04599124
speaker,707f0e44e935dd55edfd593a4f114036,03691459,03691459
speaker,1499859135ccc6b267bde58c681df405,03691459,04502670
speaker,9c5a473824505151fdd0cc0c1a7bf8f5,03691459,03691459
speaker,4b29063d6237b062eabe53d90550c4a6,03691459,03691459
speaker,bc522596f5da2ecda32913968eae7f30,03691459,04349401
speaker,8d55d634810b52f176f6deb1c78dfee8,03691459,03691459
speaker,b8092ccc834f31b9d69825aa8e687d85,03691459,04349401
speaker,8dfa9921e51e0fa3f99860cd321d6c67,03691459,03691459
speaker,acf4fb74200b838d874179120554c44f,03691459,03691459
speaker,a4a51863fe887cd970165cb455c090fb,03691459,03691459
speaker,1124d162420a75232633ff66beb9cf31,03691459,03691459
speaker,d09f0e2e33452a739d3f10ce46ef328c,03691459,03691459
speaker,24e25e63d6871f884358473f5b9be205,03691459,03691459
speaker,dd2a4c416625f29c4f57a7ededfb3bde,03691459,04349401
speaker,4f53602d946e024af7617b7ba3f8e259,03691459,03691459
speaker,54e61267b88174967bc8772c5c1a0c19,03691459,03691459
speaker,11f5f6311449da7ebb01628f533af3ce,03691459,04599124
speaker,7e3e0b648aff4aeb6a6d1e86c6266511,03691459,03691459
speaker,ef71576ad5262c4ef398d0c5832df00e,03691459,03691459
speaker,4d698b1e935897905e97b1b6281b6b04,03691459,04599124
speaker,5da2a1ae6ec64155dc7dfac1f2c9f0d4,03691459,03691459
speaker,16ea8ecabd3f373bdef52d9b75805a83,03691459,03691459
speaker,e1d8c419be35ee1e209a4a663fdfe000,03691459,03691459
speaker,4c944233440d87f4b8e9f7eca3eb3e3f,03691459,04349401
speaker,b44a0f8900edef4c957a55139a8e936e,03691459,03691459
speaker,97f758c8d327d072871a975200291c6f,03691459,04349401
speaker,c389dd22f9209798f72fe2e3cc67d234,03691459,04349401
speaker,359d760f7d8fc091fdd1073b17e9e51e,03691459,04349401
speaker,db90e043486f216ead1d87becf13ddd9,03691459,03691459
speaker,c56e62ebcae613624c40f34de8f3bdb8,03691459,04349401
speaker,21b9af9e21bbc7975afcf0aaed5d73d0,03691459,04502670
speaker,3cbeb01fae7fb6ec7238b5c2712646b7,03691459,03691459
speaker,a82329a937432afe8d28f674ed08c521,03691459,03691459
tv or monitor,cf7294db3c65ca5c945ef919ad31a7a6,03211117,03196598
tv or monitor,12ea5095e96f9ed185d624cfcd9a37a7,03211117,03196598
tv or monitor,93e260150e7788ab574b5684eaec43e9,03211117,04152593
tv or monitor,3324b4a3f1440d7b4161e123a102b12b,03211117,03211117
tv or monitor,df5e129b50eb2f253bec56bff764ba78,03211117,03196598
tv or monitor,ebe5a5c179cd4ae355b9f0c05f9db07c,03211117,04152593
tv or monitor,4744bc26253dd076174f1b91e00d9f2d,03211117,03782190
tv or monitor,ed7e0817614b1c155e7087f2d9a278a9,03211117,03196598
tv or monitor,7560f6f70263aeb9f5b8dd4ebdc4068b,03211117,04152593
tv or monitor,f1d77e0f4a2adc2bb305a938e0ed1b48,03211117,04152593
tv or monitor,bae43dafa75f827f4375bc8943daa105,03211117,03196598
tv or monitor,e2787b2f0dd35fccf42a90fe4baf4591,03211117,04152593
tv or monitor,60bde4ebc37f9b31473f10e6caaeca56,03211117,04152593
tv or monitor,ae8e106b972648d5bab4cb27e92377c4,03211117,03782190
tv or monitor,93d0756b41670e89ce2fdea99c5936e8,03211117,03196598
tv or monitor,f675d7c91d540e6bb45df535caecae62,03211117,04152593
tv or monitor,871dcd6740ed8d2891a7ac029a825f73,03211117,03211616
tv or monitor,e2e40536be6daf7615000ab5e56184f5,03211117,03782190
tv or monitor,d3bc26796e7fcc6b3956af37bf042355,03211117,04152593
tv or monitor,ede70dc992195dc272e55f1aa85cc5f,03211117,04152593
tv or monitor,5a4add4da7414d11f2a521bdff0d8feb,03211117,03196598
tv or monitor,fbe9615a45afa17524f0493013a8318f,03211117,04152593
tv or monitor,dcd4d3d6bbbabdc6376c487287ae2b71,03211117,04152593
tv or monitor,a3ada0a8bc0d4b8392ababf87635e60c,03211117,03211117
tv or monitor,ed7d00e977de27e2bdfd4afbfb3ee4a,03211117,03782190
tv or monitor,816eabad5c1ca552744107c67e903f9a,03211117,03196598
tv or monitor,3cbe9bb95e5004eb342398ca9dc32672,03211117,04152593
tv or monitor,40c53f54e7fb0e3ff4c409c17e0a5165,03211117,04152593
tv or monitor,50934056d4c1735dc9d02d4e580c2722,03211117,03196598
tv or monitor,e2fab6391d388d1971863f1e1f0d28a4,03211117,03196598
tv or monitor,9557d54db1c95572e15527f70689f25a,03211117,03196598
tv or monitor,aaded29a2283bb4c4920a74a78f531dc,03211117,03196598
tv or monitor,6fa8694a2b5dd0b9db768007c05f817,03211117,03196598
tv or monitor,dac5376988db376b7700ed9200d31a49,03211117,03196598
tv or monitor,3783ec2d4ac3b097a7f97cee360e8d0f,03211117,03196598
tv or monitor,c62af9a75f8779b82b8499d50978754f,03211117,04152593
tv or monitor,dbc61cbed5f7f2b33c1abb78f1519c49,03211117,04152593
tv or monitor,5a9951b9945e67566d260179aed5cd80,03211117,03196598
tv or monitor,5f0119e9c7f437ff83361808b78d50c3,03211117,03196598
tv or monitor,5cb4fac8452906f66ba14bfd91a75020,03211117,03211616
tv or monitor,21de0761d0f8f2f9342b2a88bd008cbe,03211117,03782190
tv or monitor,6437fc773d50e93b5c915b36bc455bdf,03211117,03196598
tv or monitor,59e53aaa8d8e9d5d9bb1951c99c5330a,03211117,04152593
tv or monitor,2711433532f6d1fdd7426bda0fe4ebcb,03211117,03196598
tv or monitor,cfe8df98fcd4964d9d58cf21d5faaa2c,03211117,03196598
tv or monitor,dbfc22d7d096f66d5f1b26547b9ff327,03211117,03782190
tv or monitor,3aee103b0bde9cd7c16bf14ed6ef2f6,03211117,04152593
tv or monitor,184a3f58220427c39fd28cfa9e6e405f,03211117,04152593
tv or monitor,bb6392ddfeb98b19822cf0bd2945d4dd,03211117,03196598
tv or monitor,dfe294c64407f6035c6271c95adbdee,03211117,04152593
tv or monitor,fb92cb1fa04c2ba6bf1c304f780914c6,03211117,04152593
tv or monitor,fbec33bb92e066ade1f2a1daf140ac9f,03211117,04152593
tv or monitor,6eaba6819fa9b07a37a807a435008662,03211117,04152593
tv or monitor,1984fb95afb6dae5804722305621f918,03211117,04152593
tv or monitor,f3004c5b38bbc0e445804144dab4dd66,03211117,04152593
tv or monitor,9b7cab4099b2d1dcab29d5c9003deef,03211117,03196598
tv or monitor,fdf3953c665c36fdeb47c06d7d8c2d65,03211117,03196598
tv or monitor,144ab629198c837eeeb8d422649e5f2b,03211117,03196598
tv or monitor,ac81f325fbc993d3eb42617d0a1c53b,03211117,04152593
tv or monitor,ab64dabcbaf1086f14d199c00aad9da1,03211117,04152593
tv or monitor,4d11b3c781f36fb3675041302508f0e1,03211117,04152593
tv or monitor,786f74cbab946ef78517036a5ca6b1c7,03211117,03196598
tv or monitor,31ef46873b20e53274e7ea1d002bf071,03211117,04152593
tv or monitor,877cadd597775369ec059109909662d2,03211117,04152593
tv or monitor,9297e108b9780fe7da0ccb8671dd235b,03211117,04152593
tv or monitor,31f688edc350505191cb6690cc7eb18e,03211117,03196598
tv or monitor,3fc7b2412782b8e9964f7ff178873e82,03211117,03196598
tv or monitor,62ac1e4559205e24f9702e673573a443,03211117,03196598
tv or monitor,58fceeffe91b7b1c20685b5a7e34b501,03211117,04152593
tv or monitor,481a1dfe44babb3892b08e504d6ff5ca,03211117,03196598
tv or monitor,a03ff904fbcf341ce333e1b65ebab960,03211117,04152593
tv or monitor,9b6d300449f7bd573cffc71116771f14,03211117,04152593
tv or monitor,fac8bc5420f9d472b36c473722d8f02c,03211117,03196598
tv or monitor,d4d94e7a1f75a67e3f7b7c3393bbad8,03211117,03782190
tv or monitor,8a7712d5c8614b97974e278a62ec98f,03211117,04152593
tv or monitor,d24f05f573621080af70f0a098b23d33,03211117,03196598
tv or monitor,31512a50c12258726ca2b6e5474aad11,03211117,04152593
tv or monitor,b569ba9d9d74e7d5184dd44a99578080,03211117,04152593
tv or monitor,3f15446861936b20eb1a50f8f2ea3a88,03211117,03196598
tv or monitor,15e411905cf8d7d455c2bf8f07989ec0,03211117,03196598
tv or monitor,e51c13070dcd4ce25432e3a73fd1f7a9,03211117,04152593
tv or monitor,ccd6958947505b34f9f3c6290096f50f,03211117,04152593
tv or monitor,6bf634a79cadc9851b02cde7e81f0fc3,03211117,03782190
tv or monitor,51b92bb1df3b1a10ad1d87becf13ddd9,03211117,04152593
tv or monitor,e6a0a8940246d5bf4e104a60eb91ab8a,03211117,04152593
tv or monitor,5318296d6d07e4e6d40cd81b129905bc,03211117,03782190
tv or monitor,e65ace5f42977a75cae346657a37ed71,03211117,03782190
tv or monitor,d10085421b3cd3a27504aecf4baaa1e,03211117,03782190
tv or monitor,c7185c6e5dd741e139b7c00cb61e68ec,03211117,03782190
tv or monitor,dce03c1f0b8365c335f8aa71d1d146bc,03211117,04152593
tv or monitor,7e1212c48c877b87eca8a38e13335285,03211117,03196598
tv or monitor,48b8290cb0dc0a6cc785f06f424b9d06,03211117,04152593
tv or monitor,e5b50925213ade6a340d4ac30c6d322a,03211117,03782190
tv or monitor,a5269c81a3d7e8a01242824b4827fe77,03211117,03211117
tv or monitor,9b764d286359e0f9cb84789183638105,03211117,03196598
tv or monitor,a52e505fb03e2d8568292529fb38e524,03211117,04152593
tv or monitor,1c47397db49047b9d35d1c787a8f626e,03211117,04152593
tv or monitor,79f26b0be635b891631d57ce83092826,03211117,03782190
tv or monitor,3a9dfefa52a6d2643ed8be9ed4b2b6c8,03211117,03196598
tv or monitor,fc0b4809f5a1a613496b87cefd345586,03211117,03196598
watercraft,8f3d3eb663508afb1143e3955ded9f0a,04530566,04194289
watercraft,1b5e114692abf9a5fdbbffe94281448,04530566,04610013
watercraft,907c179103304ce8efcba30d0f49b70,04530566,02858304
watercraft,c9b7da24378152d082e68e57491bae0e,04530566,04194289
watercraft,d04816fe3c531b66f647317afa6ffdd4,04530566,02858304
watercraft,606b512701e71ef6fb80910115d3c39f,04530566,02858304
watercraft,602df167ba6cb5f5443efa8c2bef3b97,04530566,04194289
watercraft,7ba8d5a8edb7ab991f377e6c4dfe0096,04530566,02858304
watercraft,128ab8b74fa037597fe03c0a35dc1886,04530566,04194289
watercraft,5b00c251f971aaa437a692cc86ebcb7c,04530566,03351262
watercraft,d0aa1202f01227f7b9528bf167ff877e,04530566,02858304
watercraft,62b67cadf45841ab82b5804533e545b1,04530566,02858304
watercraft,24ab70fe2e704df45b76db9a8a523dba,04530566,03900194
watercraft,efa85ab5aa4704d299429033f40f0f8b,04530566,04128837
watercraft,72f4c3c433492d585001cb19c4a0eee4,04530566,02858304
watercraft,3fb4fa12a4718cdb2001fe4ad7074729,04530566,04194289
watercraft,dc0d90ae6a41e0acf68668364a569266,04530566,02858304
watercraft,3f3912cf68cd28eed7259ae7450dc47b,04530566,02858304
watercraft,1442afdc0aade741c46814fb26e284d4,04530566,03351262
watercraft,b5a1facfd0a023251e6afa6efa6add34,04530566,04194289
watercraft,4cbffb314a589346b9b184da9c0040b5,04530566,02858304
watercraft,d2f5b582c65ee9567f79d93424b708f0,04530566,02858304
watercraft,70d4ca23f31a5c4373c03aee5e8475d4,04530566,04128837
watercraft,8d53d8f4cacbff77853339423b00f029,04530566,02858304
watercraft,6f3384e934f3588ccc37416b6163cbbd,04530566,02858304
watercraft,d65fc1dbe7fe802a5761a0b53ed37cec,04530566,02858304
watercraft,5e9890e2f4cab96dbc6cd96a5e6546c,04530566,04194289
watercraft,e4717ec5f7e12fbf07aa2d157764a08,04530566,04610013
watercraft,c3648d0cd141035428cf87eb5ebe5e6,04530566,04194289
watercraft,d6ad84cfb652f5dd27ac692756be9e24,04530566,04128837
watercraft,3ff4ba746d73fdd08f845c46c317c0e2,04530566,02858304
watercraft,7af3abe01d2ba4ddf09d36263ac1039c,04530566,04610013
watercraft,33f4d31a559bc07fc1ccec171a275967,04530566,04194289
watercraft,703c1f85dc01baad9fb3e3631a88cdab,04530566,04194289
watercraft,aee93c0ff8dcf746ece2f98c4b805551,04530566,04194289
watercraft,b0238a48839d2b1b64ada2fd6418de4e,04530566,04194289
watercraft,cafc4d2198b6531bd5527b961edeb7bd,04530566,04610013
watercraft,8ff4c7162259b1d5cf816caaec167fbf,04530566,04194289
watercraft,8f2eb4f44b95da78639e286420a03c3f,04530566,02858304
watercraft,a473fe0a7f11c7ae9041531b90641b86,04530566,02858304
watercraft,8500272b43352ae6f844b7e844d01ddc,04530566,04194289
watercraft,965153f3599a6ed6be7ca2216dc1576a,04530566,02858304
watercraft,294644520ccc2ce27795dd28016933fc,04530566,04194289
watercraft,9fd71a532f7c732fb036cb639ea80765,04530566,02858304
watercraft,7380c6bedbd13059eb2c303a0e0d287b,04530566,04194289
watercraft,3625522559a753b78dd2cbb9124e6d20,04530566,03900194
watercraft,d0d2753d2d3e6d3d2752699ac7aab1,04530566,04194289
watercraft,72c942c6ed4dbf4e8e5cf2440102d1ce,04530566,02858304
watercraft,e2446b9f4b9fb179f525bb02d30fbbfe,04530566,02858304
watercraft,f582d2315b6182ec6f6b59ea659e8324,04530566,02858304
watercraft,38189a2101b5e6c3da32b7c218678a0d,04530566,04194289
watercraft,b91a01dfd51d615b4f84436cd4bc7d29,04530566,02858304
watercraft,5f1956ad3dd52a69d3a2c7c88c74aa63,04530566,02858304
watercraft,1660bbd9c43284d98bfe41fc81907f54,04530566,02858304
watercraft,c29e6490308ad33320d713ce6286f99c,04530566,02858304
watercraft,5c0e6663c131610a2c3770cecdd58208,04530566,04194289
watercraft,e9da320a14afc7098031a892cba81629,04530566,02858304
watercraft,59fefd79eba35dbb723877c00e9cdc03,04530566,02858304
watercraft,859daa33e58191bee2d4c157e5bf1dde,04530566,02858304
watercraft,7aeadfeb93825b387b3c166137b0d772,04530566,04194289
watercraft,ace32fcd2b6c3fd081e9f45621d2c8eb,04530566,04610013
watercraft,3e5e782373516ad760ddc468fe733ed1,04530566,02858304
watercraft,5a3924c1fb78bb908dea00b146cfa3de,04530566,03351262
watercraft,f5217865935d63c61f2cd7f4ede43a74,04530566,04194289
watercraft,1e3f014e8eba0db7fa575e221973fef,04530566,02858304
watercraft,7d7fe630419cb3e3ff217e1345ac0f8,04530566,04194289
watercraft,1abf3b20f05ed8ea902d6f4ac8edb5f4,04530566,04530566
watercraft,9b300840d96e46f08c173f7caf7ef0ff,04530566,04194289
watercraft,1fb578de4aebcd62b249fd16295bbfb,04530566,04610013
watercraft,2fb7d918e4a738fd97556ba76bc2663,04530566,02858304
watercraft,cc6656baa69ba0defd40bb12da2df97e,04530566,02858304
watercraft,4fbc7c634bd4488798b8c800ae001b66,04530566,04194289
watercraft,ecdd85e25c18ea404d73ca91c97c0cb3,04530566,02858304
watercraft,ebff6d8111c67fbdb52763715f7a6959,04530566,04194289
watercraft,7cf500d15ff839e92f35bf9c34b31609,04530566,03351262
watercraft,567e385bc5c40247e414f982f9c422f7,04530566,04194289
watercraft,aa741f0f7784b791e99164b294d0c671,04530566,04194289
watercraft,d8ea840a28472e04954c06f15cb2b5c8,04530566,04194289
watercraft,3bf976118908886611b5f34c8a675124,04530566,02858304
watercraft,1d6bcf04874000a9ea96bfd37cd8bdfb,04530566,04610013
watercraft,ff404dc428ac3cb7102f71c17954fcf0,04530566,03351262
watercraft,ce15225b24bb4ed2742fb0ba5ae222f2,04530566,02858304
watercraft,45351c87f019646115aa5b227c027ee0,04530566,02858304
watercraft,ad2c82cd40584b43fc4c78b4701b2fab,04530566,02858304
watercraft,a64d2249cbe63b5f9cbca1f73829701e,04530566,04194289
watercraft,47130fa6563a4712af6320700e3cf173,04530566,04194289
watercraft,ac4286c2e92e3367d5ba5130450bf929,04530566,02858304
watercraft,9d3f9edb3fe0ada39bddaef1ba7e1752,04530566,04194289
watercraft,88cc060aa20b340611b3e656ab4bd115,04530566,04194289
watercraft,5e6e9a61eb078041556f795d265590,04530566,02858304
watercraft,c00a8f1dc19a0e5341213ed93def741e,04530566,03351262
watercraft,6d6e65b938b88eaf3a4406b2a58a646a,04530566,04610013
watercraft,abdd2218a607a19819194900293f58f0,04530566,04194289
watercraft,de0964254f4599e8666f23db664db86,04530566,04610013
watercraft,4944328c0ea895c53f464857aba8c0eb,04530566,04194289
watercraft,409ff4fbba1ba94adab1bb7802748e9e,04530566,04194289
watercraft,7c23b6218a5041f36a2173cf491934bd,04530566,04128837
watercraft,43f7e9f8ad44e8236557d610dab4f1b2,04530566,04194289
watercraft,1d176576e4ded157a313c221866393fc,04530566,04194289
watercraft,9746bffb188fa8d776dfbd72ad52dca6,04530566,04194289
